coreID,species,annotation-ID,image-ID,image-URL,bud,flower,fruit,is-duplicated,set-number,sequence,username,user-ID,time-spent (seconds),date,time,hit-id,is-test
24388397,Linnaea_borealis,9026069,319501,https://crowdcurio-experiment-images.s3.amazonaws.com/Linnaea_borealis/images/Linnaea_borealis.24388397.jpg,2,5,2,FALSE,1,1,A13A3UP3NRAY2M,22568,100.09,2024/4/16,19:08:54,3ZC62PVYE0UKUWQP9HGQO966Q1RXXW,FALSE
21703523,Linnaea_borealis,9027622,319499,https://crowdcurio-experiment-images.s3.amazonaws.com/Linnaea_borealis/images/Linnaea_borealis.21703523.jpg,0,6,4,FALSE,1,2,A13A3UP3NRAY2M,22568,140.58,2024/4/16,19:11:16,3ZC62PVYE0UKUWQP9HGQO966Q1RXXW,FALSE
22829467,Linnaea_borealis,9027978,319500,https://crowdcurio-experiment-images.s3.amazonaws.com/Linnaea_borealis/images/Linnaea_borealis.22829467.jpg,0,1,0,FALSE,1,3,A13A3UP3NRAY2M,22568,33.93,2024/4/16,19:11:52,3ZC62PVYE0UKUWQP9HGQO966Q1RXXW,FALSE
24388400,Linnaea_borealis,9029598,319503,https://crowdcurio-experiment-images.s3.amazonaws.com/Linnaea_borealis/images/Linnaea_borealis.24388400.jpg,0,0,11,FALSE,1,4,A13A3UP3NRAY2M,22568,198.44,2024/4/16,19:15:12,3ZC62PVYE0UKUWQP9HGQO966Q1RXXW,FALSE
24388398,Linnaea_borealis,9030723,319502,https://crowdcurio-experiment-images.s3.amazonaws.com/Linnaea_borealis/images/Linnaea_borealis.24388398.jpg,8,1,2,FALSE,1,5,A13A3UP3NRAY2M,22568,167.16,2024/4/16,19:18:01,3ZC62PVYE0UKUWQP9HGQO966Q1RXXW,FALSE
21361927,Linnaea_borealis,9031823,319498,https://crowdcurio-experiment-images.s3.amazonaws.com/Linnaea_borealis/images/Linnaea_borealis.21361927.jpg,0,7,4,FALSE,1,6,A13A3UP3NRAY2M,22568,146.28,2024/4/16,19:20:30,3ZC62PVYE0UKUWQP9HGQO966Q1RXXW,FALSE
24388401,Linnaea_borealis,9032754,319504,https://crowdcurio-experiment-images.s3.amazonaws.com/Linnaea_borealis/images/Linnaea_borealis.24388401.jpg,0,1,5,FALSE,1,7,A13A3UP3NRAY2M,22568,131.81,2024/4/16,19:22:44,3ZC62PVYE0UKUWQP9HGQO966Q1RXXW,FALSE
21291452,Linnaea_borealis,9033818,319496,https://crowdcurio-experiment-images.s3.amazonaws.com/Linnaea_borealis/images/Linnaea_borealis.21291452.jpg,0,16,0,FALSE,1,8,A13A3UP3NRAY2M,22568,151.06,2024/4/16,19:25:17,3ZC62PVYE0UKUWQP9HGQO966Q1RXXW,FALSE
19797355,Linnaea_borealis,9033671,319488,https://crowdcurio-experiment-images.s3.amazonaws.com/Linnaea_borealis/images/Linnaea_borealis.19797355.jpg,0,3,0,FALSE,1,1,AIRIKT4OQQZZI,20347,41.65,2024/4/16,19:24:55,3ZC62PVYE0UKUWQP9HGQO966Q1RXXW,FALSE
20260177,Linnaea_borealis,9034017,319491,https://crowdcurio-experiment-images.s3.amazonaws.com/Linnaea_borealis/images/Linnaea_borealis.20260177.jpg,0,13,0,FALSE,1,2,AIRIKT4OQQZZI,20347,50.61,2024/4/16,19:25:47,3ZC62PVYE0UKUWQP9HGQO966Q1RXXW,FALSE
21361911,Linnaea_borealis,9034842,319497,https://crowdcurio-experiment-images.s3.amazonaws.com/Linnaea_borealis/images/Linnaea_borealis.21361911.jpg,2,10,2,FALSE,1,9,A13A3UP3NRAY2M,22568,134.4,2024/4/16,19:27:33,3ZC62PVYE0UKUWQP9HGQO966Q1RXXW,FALSE
20260186,Linnaea_borealis,9034515,319492,https://crowdcurio-experiment-images.s3.amazonaws.com/Linnaea_borealis/images/Linnaea_borealis.20260186.jpg,5,10,4,FALSE,1,3,AIRIKT4OQQZZI,20347,64.11,2024/4/16,19:26:53,3ZC62PVYE0UKUWQP9HGQO966Q1RXXW,FALSE
19797356,Linnaea_borealis,9034863,319489,https://crowdcurio-experiment-images.s3.amazonaws.com/Linnaea_borealis/images/Linnaea_borealis.19797356.jpg,0,1,0,FALSE,1,4,AIRIKT4OQQZZI,20347,41.85,2024/4/16,19:27:36,3ZC62PVYE0UKUWQP9HGQO966Q1RXXW,FALSE
20260186,Linnaea_borealis,9035029,319492,https://crowdcurio-experiment-images.s3.amazonaws.com/Linnaea_borealis/images/Linnaea_borealis.20260186.jpg,1,7,0,TRUE,1,5,AIRIKT4OQQZZI,20347,19.06,2024/4/16,19:27:57,3ZC62PVYE0UKUWQP9HGQO966Q1RXXW,FALSE
24388400,Linnaea_borealis,9036305,319503,https://crowdcurio-experiment-images.s3.amazonaws.com/Linnaea_borealis/images/Linnaea_borealis.24388400.jpg,0,0,10,TRUE,1,10,A13A3UP3NRAY2M,22568,193.65,2024/4/16,19:30:49,3ZC62PVYE0UKUWQP9HGQO966Q1RXXW,FALSE
19797354,Linnaea_borealis,9035442,319487,https://crowdcurio-experiment-images.s3.amazonaws.com/Linnaea_borealis/images/Linnaea_borealis.19797354.jpg,12,9,0,FALSE,1,6,AIRIKT4OQQZZI,20347,55.16,2024/4/16,19:28:54,3ZC62PVYE0UKUWQP9HGQO966Q1RXXW,FALSE
17049313,Linnaea_borealis,9035411,319485,https://crowdcurio-experiment-images.s3.amazonaws.com/Linnaea_borealis/images/Linnaea_borealis.17049313.jpg,0,0,0,FALSE,1,1,A2RER2J46QMZD5,20060,40.59,2024/4/16,19:28:49,3ZC62PVYE0UKUWQP9HGQO966Q1RXXW,FALSE
20991060,Linnaea_borealis,9036034,319494,https://crowdcurio-experiment-images.s3.amazonaws.com/Linnaea_borealis/images/Linnaea_borealis.20991060.jpg,2,39,0,FALSE,1,7,AIRIKT4OQQZZI,20347,73.66,2024/4/16,19:30:10,3ZC62PVYE0UKUWQP9HGQO966Q1RXXW,FALSE
19797357,Linnaea_borealis,9036594,319490,https://crowdcurio-experiment-images.s3.amazonaws.com/Linnaea_borealis/images/Linnaea_borealis.19797357.jpg,0,4,0,FALSE,1,8,AIRIKT4OQQZZI,20347,149.06,2024/4/16,19:32:41,3ZC62PVYE0UKUWQP9HGQO966Q1RXXW,FALSE
13844100,Linnaea_borealis,9036690,319467,https://crowdcurio-experiment-images.s3.amazonaws.com/Linnaea_borealis/images/Linnaea_borealis.13844100.jpg,2,3,0,FALSE,2,1,A13A3UP3NRAY2M,22568,65.82,2024/4/16,19:33:04,3ZC62PVYE0UKUWQP9HGQO966Q1RXXW,FALSE
21007602,Linnaea_borealis,9036699,319495,https://crowdcurio-experiment-images.s3.amazonaws.com/Linnaea_borealis/images/Linnaea_borealis.21007602.jpg,0,5,0,FALSE,1,9,AIRIKT4OQQZZI,20347,23.01,2024/4/16,19:33:05,3ZC62PVYE0UKUWQP9HGQO966Q1RXXW,FALSE
20607365,Linnaea_borealis,9037055,319493,https://crowdcurio-experiment-images.s3.amazonaws.com/Linnaea_borealis/images/Linnaea_borealis.20607365.jpg,1,3,0,FALSE,1,10,AIRIKT4OQQZZI,20347,77.8,2024/4/16,19:34:25,3ZC62PVYE0UKUWQP9HGQO966Q1RXXW,FALSE
13843928,Linnaea_borealis,9038341,319465,https://crowdcurio-experiment-images.s3.amazonaws.com/Linnaea_borealis/images/Linnaea_borealis.13843928.jpg,1,14,9,FALSE,2,2,A13A3UP3NRAY2M,22568,252.48,2024/4/16,19:37:19,3ZC62PVYE0UKUWQP9HGQO966Q1RXXW,FALSE
16897730,Linnaea_borealis,9037218,319478,https://crowdcurio-experiment-images.s3.amazonaws.com/Linnaea_borealis/images/Linnaea_borealis.16897730.jpg,0,2,0,FALSE,1,2,A2RER2J46QMZD5,20060,360.16,2024/4/16,19:34:53,3ZC62PVYE0UKUWQP9HGQO966Q1RXXW,FALSE
16904915,Linnaea_borealis,9037480,319484,https://crowdcurio-experiment-images.s3.amazonaws.com/Linnaea_borealis/images/Linnaea_borealis.16904915.jpg,0,2,0,FALSE,1,3,A2RER2J46QMZD5,20060,37.76,2024/4/16,19:35:33,3ZC62PVYE0UKUWQP9HGQO966Q1RXXW,FALSE
16897731,Linnaea_borealis,9037746,319479,https://crowdcurio-experiment-images.s3.amazonaws.com/Linnaea_borealis/images/Linnaea_borealis.16897731.jpg,0,10,0,FALSE,1,4,A2RER2J46QMZD5,20060,21.06,2024/4/16,19:35:56,3ZC62PVYE0UKUWQP9HGQO966Q1RXXW,FALSE
16897730,Linnaea_borealis,9037883,319478,https://crowdcurio-experiment-images.s3.amazonaws.com/Linnaea_borealis/images/Linnaea_borealis.16897730.jpg,0,2,0,TRUE,1,5,A2RER2J46QMZD5,20060,17.49,2024/4/16,19:36:15,3ZC62PVYE0UKUWQP9HGQO966Q1RXXW,FALSE
16897734,Linnaea_borealis,9038040,319482,https://crowdcurio-experiment-images.s3.amazonaws.com/Linnaea_borealis/images/Linnaea_borealis.16897734.jpg,0,1,4,FALSE,1,6,A2RER2J46QMZD5,20060,18.88,2024/4/16,19:36:36,3ZC62PVYE0UKUWQP9HGQO966Q1RXXW,FALSE
19797353,Linnaea_borealis,9038616,319486,https://crowdcurio-experiment-images.s3.amazonaws.com/Linnaea_borealis/images/Linnaea_borealis.19797353.jpg,0,3,2,FALSE,1,7,A2RER2J46QMZD5,20060,70.05,2024/4/16,19:37:49,3ZC62PVYE0UKUWQP9HGQO966Q1RXXW,FALSE
13844071,Linnaea_borealis,9038923,319466,https://crowdcurio-experiment-images.s3.amazonaws.com/Linnaea_borealis/images/Linnaea_borealis.13844071.jpg,0,3,1,FALSE,2,3,A13A3UP3NRAY2M,22568,61.16,2024/4/16,19:38:22,3ZC62PVYE0UKUWQP9HGQO966Q1RXXW,FALSE
16903406,Linnaea_borealis,9038739,319483,https://crowdcurio-experiment-images.s3.amazonaws.com/Linnaea_borealis/images/Linnaea_borealis.16903406.jpg,0,0,0,FALSE,1,8,A2RER2J46QMZD5,20060,10.6,2024/4/16,19:38:01,3ZC62PVYE0UKUWQP9HGQO966Q1RXXW,FALSE
16897732,Linnaea_borealis,9038900,319480,https://crowdcurio-experiment-images.s3.amazonaws.com/Linnaea_borealis/images/Linnaea_borealis.16897732.jpg,0,0,3,FALSE,1,9,A2RER2J46QMZD5,20060,15.12,2024/4/16,19:38:19,3ZC62PVYE0UKUWQP9HGQO966Q1RXXW,FALSE
16897733,Linnaea_borealis,9039093,319481,https://crowdcurio-experiment-images.s3.amazonaws.com/Linnaea_borealis/images/Linnaea_borealis.16897733.jpg,0,6,0,FALSE,1,10,A2RER2J46QMZD5,20060,22.18,2024/4/16,19:38:43,3ZC62PVYE0UKUWQP9HGQO966Q1RXXW,FALSE
13841732,Linnaea_borealis,9039821,319461,https://crowdcurio-experiment-images.s3.amazonaws.com/Linnaea_borealis/images/Linnaea_borealis.13841732.jpg,0,10,2,FALSE,2,4,A13A3UP3NRAY2M,22568,107.4,2024/4/16,19:40:13,3ZC62PVYE0UKUWQP9HGQO966Q1RXXW,FALSE
11091655,Linnaea_borealis,9040024,319460,https://crowdcurio-experiment-images.s3.amazonaws.com/Linnaea_borealis/images/Linnaea_borealis.11091655.jpg,0,1,0,FALSE,2,5,A13A3UP3NRAY2M,22568,29.45,2024/4/16,19:40:44,3ZC62PVYE0UKUWQP9HGQO966Q1RXXW,FALSE
13843661,Linnaea_borealis,9040659,319464,https://crowdcurio-experiment-images.s3.amazonaws.com/Linnaea_borealis/images/Linnaea_borealis.13843661.jpg,1,5,0,FALSE,2,6,A13A3UP3NRAY2M,22568,74.93,2024/4/16,19:42:00,3ZC62PVYE0UKUWQP9HGQO966Q1RXXW,FALSE
15220593,Linnaea_borealis,9041457,319475,https://crowdcurio-experiment-images.s3.amazonaws.com/Linnaea_borealis/images/Linnaea_borealis.15220593.jpg,0,2,0,FALSE,1,4,A3VW0WY7RASRNF,20636,101.9,2024/4/16,19:43:30,3ZC62PVYE0UKUWQP9HGQO966Q1RXXW,FALSE
13841733,Linnaea_borealis,9041665,319462,https://crowdcurio-experiment-images.s3.amazonaws.com/Linnaea_borealis/images/Linnaea_borealis.13841733.jpg,0,1,7,FALSE,2,7,A13A3UP3NRAY2M,22568,107.58,2024/4/16,19:43:50,3ZC62PVYE0UKUWQP9HGQO966Q1RXXW,FALSE
13844168,Linnaea_borealis,9042414,319468,https://crowdcurio-experiment-images.s3.amazonaws.com/Linnaea_borealis/images/Linnaea_borealis.13844168.jpg,0,0,5,FALSE,2,8,A13A3UP3NRAY2M,22568,70.55,2024/4/16,19:45:03,3ZC62PVYE0UKUWQP9HGQO966Q1RXXW,FALSE
13844071,Linnaea_borealis,9043018,319466,https://crowdcurio-experiment-images.s3.amazonaws.com/Linnaea_borealis/images/Linnaea_borealis.13844071.jpg,0,2,2,TRUE,2,9,A13A3UP3NRAY2M,22568,64,2024/4/16,19:46:09,3ZC62PVYE0UKUWQP9HGQO966Q1RXXW,FALSE
13843574,Linnaea_borealis,9043513,319463,https://crowdcurio-experiment-images.s3.amazonaws.com/Linnaea_borealis/images/Linnaea_borealis.13843574.jpg,0,0,6,FALSE,2,10,A13A3UP3NRAY2M,22568,61.83,2024/4/16,19:47:14,3ZC62PVYE0UKUWQP9HGQO966Q1RXXW,FALSE
6098197,Linnaea_borealis,9044792,319449,https://crowdcurio-experiment-images.s3.amazonaws.com/Linnaea_borealis/images/Linnaea_borealis.6098197.jpg,0,1,0,FALSE,1,1,A2Q30K1A0AQ16Q,20721,11.05,2024/4/16,19:50:23,3ZC62PVYE0UKUWQP9HGQO966Q1RXXW,FALSE
6077801,Linnaea_borealis,9044854,319446,https://crowdcurio-experiment-images.s3.amazonaws.com/Linnaea_borealis/images/Linnaea_borealis.6077801.jpg,0,1,0,FALSE,1,2,A2Q30K1A0AQ16Q,20721,6.26,2024/4/16,19:50:31,3ZC62PVYE0UKUWQP9HGQO966Q1RXXW,FALSE
6074217,Linnaea_borealis,9044927,319445,https://crowdcurio-experiment-images.s3.amazonaws.com/Linnaea_borealis/images/Linnaea_borealis.6074217.jpg,0,1,0,FALSE,1,3,A2Q30K1A0AQ16Q,20721,7.56,2024/4/16,19:50:40,3ZC62PVYE0UKUWQP9HGQO966Q1RXXW,FALSE
6098197,Linnaea_borealis,9044988,319449,https://crowdcurio-experiment-images.s3.amazonaws.com/Linnaea_borealis/images/Linnaea_borealis.6098197.jpg,0,1,0,TRUE,1,4,A2Q30K1A0AQ16Q,20721,5.62,2024/4/16,19:50:47,3ZC62PVYE0UKUWQP9HGQO966Q1RXXW,FALSE
6092611,Linnaea_borealis,9045051,319447,https://crowdcurio-experiment-images.s3.amazonaws.com/Linnaea_borealis/images/Linnaea_borealis.6092611.jpg,0,1,0,FALSE,1,5,A2Q30K1A0AQ16Q,20721,6.86,2024/4/16,19:50:56,3ZC62PVYE0UKUWQP9HGQO966Q1RXXW,FALSE
6053972,Linnaea_borealis,9045106,319443,https://crowdcurio-experiment-images.s3.amazonaws.com/Linnaea_borealis/images/Linnaea_borealis.6053972.jpg,0,1,0,FALSE,1,6,A2Q30K1A0AQ16Q,20721,6.23,2024/4/16,19:51:04,3ZC62PVYE0UKUWQP9HGQO966Q1RXXW,FALSE
6175551,Linnaea_borealis,9045164,319450,https://crowdcurio-experiment-images.s3.amazonaws.com/Linnaea_borealis/images/Linnaea_borealis.6175551.jpg,0,1,0,FALSE,1,7,A2Q30K1A0AQ16Q,20721,5.46,2024/4/16,19:51:12,3ZC62PVYE0UKUWQP9HGQO966Q1RXXW,FALSE
6043185,Linnaea_borealis,9045202,319442,https://crowdcurio-experiment-images.s3.amazonaws.com/Linnaea_borealis/images/Linnaea_borealis.6043185.jpg,0,1,0,FALSE,1,8,A2Q30K1A0AQ16Q,20721,5.41,2024/4/16,19:51:19,3ZC62PVYE0UKUWQP9HGQO966Q1RXXW,FALSE
6060192,Linnaea_borealis,9045252,319444,https://crowdcurio-experiment-images.s3.amazonaws.com/Linnaea_borealis/images/Linnaea_borealis.6060192.jpg,0,1,0,FALSE,1,9,A2Q30K1A0AQ16Q,20721,6.64,2024/4/16,19:51:27,3ZC62PVYE0UKUWQP9HGQO966Q1RXXW,FALSE
6096154,Linnaea_borealis,9045304,319448,https://crowdcurio-experiment-images.s3.amazonaws.com/Linnaea_borealis/images/Linnaea_borealis.6096154.jpg,0,1,0,FALSE,1,10,A2Q30K1A0AQ16Q,20721,5.89,2024/4/16,19:51:35,3ZC62PVYE0UKUWQP9HGQO966Q1RXXW,FALSE
4762830,Linnaea_borealis,9046749,319438,https://crowdcurio-experiment-images.s3.amazonaws.com/Linnaea_borealis/images/Linnaea_borealis.4762830.jpg,0,2,0,FALSE,2,8,A2Q30K1A0AQ16Q,20721,5.06,2024/4/16,19:54:35,3ZC62PVYE0UKUWQP9HGQO966Q1RXXW,FALSE
6038881,Linnaea_borealis,9046377,319440,https://crowdcurio-experiment-images.s3.amazonaws.com/Linnaea_borealis/images/Linnaea_borealis.6038881.jpg,0,1,0,FALSE,1,1,A2Q30K1A0AQ16Q,20721,6.17,2024/4/16,19:53:51,3ZC62PVYE0UKUWQP9HGQO966Q1RXXW,FALSE
4122485,Linnaea_borealis,9046464,319435,https://crowdcurio-experiment-images.s3.amazonaws.com/Linnaea_borealis/images/Linnaea_borealis.4122485.jpg,0,1,0,FALSE,1,2,A2Q30K1A0AQ16Q,20721,6.59,2024/4/16,19:53:59,3ZC62PVYE0UKUWQP9HGQO966Q1RXXW,FALSE
4121239,Linnaea_borealis,9046546,319434,https://crowdcurio-experiment-images.s3.amazonaws.com/Linnaea_borealis/images/Linnaea_borealis.4121239.jpg,0,1,0,FALSE,1,3,A2Q30K1A0AQ16Q,20721,7.04,2024/4/16,19:54:09,3ZC62PVYE0UKUWQP9HGQO966Q1RXXW,FALSE
4761725,Linnaea_borealis,9046606,319437,https://crowdcurio-experiment-images.s3.amazonaws.com/Linnaea_borealis/images/Linnaea_borealis.4761725.jpg,0,1,0,FALSE,1,4,A2Q30K1A0AQ16Q,20721,6.77,2024/4/16,19:54:17,3ZC62PVYE0UKUWQP9HGQO966Q1RXXW,FALSE
4123230,Linnaea_borealis,9046695,319436,https://crowdcurio-experiment-images.s3.amazonaws.com/Linnaea_borealis/images/Linnaea_borealis.4123230.jpg,0,1,0,FALSE,1,5,A2Q30K1A0AQ16Q,20721,9.5,2024/4/16,19:54:29,3ZC62PVYE0UKUWQP9HGQO966Q1RXXW,FALSE
4762936,Linnaea_borealis,9046800,319439,https://crowdcurio-experiment-images.s3.amazonaws.com/Linnaea_borealis/images/Linnaea_borealis.4762936.jpg,0,1,0,FALSE,1,7,A2Q30K1A0AQ16Q,20721,5.98,2024/4/16,19:54:42,3ZC62PVYE0UKUWQP9HGQO966Q1RXXW,FALSE
6040307,Linnaea_borealis,9046862,319441,https://crowdcurio-experiment-images.s3.amazonaws.com/Linnaea_borealis/images/Linnaea_borealis.6040307.jpg,0,1,0,FALSE,1,8,A2Q30K1A0AQ16Q,20721,5.27,2024/4/16,19:54:50,3ZC62PVYE0UKUWQP9HGQO966Q1RXXW,FALSE
4762830,Linnaea_borealis,9046926,319438,https://crowdcurio-experiment-images.s3.amazonaws.com/Linnaea_borealis/images/Linnaea_borealis.4762830.jpg,0,1,0,TRUE,1,9,A2Q30K1A0AQ16Q,20721,5.7,2024/4/16,19:54:57,3ZC62PVYE0UKUWQP9HGQO966Q1RXXW,FALSE
4110939,Linnaea_borealis,9046977,319433,https://crowdcurio-experiment-images.s3.amazonaws.com/Linnaea_borealis/images/Linnaea_borealis.4110939.jpg,0,1,0,FALSE,1,10,A2Q30K1A0AQ16Q,20721,6.25,2024/4/16,19:55:04,3ZC62PVYE0UKUWQP9HGQO966Q1RXXW,FALSE
4028530,Linnaea_borealis,9047077,319430,https://crowdcurio-experiment-images.s3.amazonaws.com/Linnaea_borealis/images/Linnaea_borealis.4028530.jpg,0,1,0,FALSE,2,1,A2Q30K1A0AQ16Q,20721,6.58,2024/4/16,19:55:20,3ZC62PVYE0UKUWQP9HGQO966Q1RXXW,FALSE
3385811,Linnaea_borealis,9047188,319429,https://crowdcurio-experiment-images.s3.amazonaws.com/Linnaea_borealis/images/Linnaea_borealis.3385811.jpg,0,1,0,FALSE,2,2,A2Q30K1A0AQ16Q,20721,11.46,2024/4/16,19:55:33,3ZC62PVYE0UKUWQP9HGQO966Q1RXXW,FALSE
3233064,Linnaea_borealis,9047266,319425,https://crowdcurio-experiment-images.s3.amazonaws.com/Linnaea_borealis/images/Linnaea_borealis.3233064.jpg,0,1,0,FALSE,2,3,A2Q30K1A0AQ16Q,20721,6.18,2024/4/16,19:55:42,3ZC62PVYE0UKUWQP9HGQO966Q1RXXW,FALSE
4028531,Linnaea_borealis,9047318,319431,https://crowdcurio-experiment-images.s3.amazonaws.com/Linnaea_borealis/images/Linnaea_borealis.4028531.jpg,0,1,0,FALSE,2,4,A2Q30K1A0AQ16Q,20721,5.51,2024/4/16,19:55:49,3ZC62PVYE0UKUWQP9HGQO966Q1RXXW,FALSE
3288032,Linnaea_borealis,9047443,319428,https://crowdcurio-experiment-images.s3.amazonaws.com/Linnaea_borealis/images/Linnaea_borealis.3288032.jpg,0,1,0,FALSE,2,5,A2Q30K1A0AQ16Q,20721,13.4,2024/4/16,19:56:04,3ZC62PVYE0UKUWQP9HGQO966Q1RXXW,FALSE
4049940,Linnaea_borealis,9047516,319432,https://crowdcurio-experiment-images.s3.amazonaws.com/Linnaea_borealis/images/Linnaea_borealis.4049940.jpg,0,1,0,FALSE,2,6,A2Q30K1A0AQ16Q,20721,6.04,2024/4/16,19:56:12,3ZC62PVYE0UKUWQP9HGQO966Q1RXXW,FALSE
3233064,Linnaea_borealis,9047552,319425,https://crowdcurio-experiment-images.s3.amazonaws.com/Linnaea_borealis/images/Linnaea_borealis.3233064.jpg,0,1,0,TRUE,2,7,A2Q30K1A0AQ16Q,20721,5.85,2024/4/16,19:56:19,3ZC62PVYE0UKUWQP9HGQO966Q1RXXW,FALSE
3226778,Linnaea_borealis,9047613,319424,https://crowdcurio-experiment-images.s3.amazonaws.com/Linnaea_borealis/images/Linnaea_borealis.3226778.jpg,0,2,0,FALSE,2,8,A2Q30K1A0AQ16Q,20721,6.72,2024/4/16,19:56:27,3ZC62PVYE0UKUWQP9HGQO966Q1RXXW,FALSE
3234274,Linnaea_borealis,9047756,319427,https://crowdcurio-experiment-images.s3.amazonaws.com/Linnaea_borealis/images/Linnaea_borealis.3234274.jpg,0,1,0,FALSE,2,9,A2Q30K1A0AQ16Q,20721,14.96,2024/4/16,19:56:45,3ZC62PVYE0UKUWQP9HGQO966Q1RXXW,FALSE
3233065,Linnaea_borealis,9047814,319426,https://crowdcurio-experiment-images.s3.amazonaws.com/Linnaea_borealis/images/Linnaea_borealis.3233065.jpg,0,1,0,FALSE,2,10,A2Q30K1A0AQ16Q,20721,6.15,2024/4/16,19:56:54,3ZC62PVYE0UKUWQP9HGQO966Q1RXXW,FALSE
3053215,Linnaea_borealis,9048013,319416,https://crowdcurio-experiment-images.s3.amazonaws.com/Linnaea_borealis/images/Linnaea_borealis.3053215.jpg,0,1,0,FALSE,3,1,A2Q30K1A0AQ16Q,20721,7.5,2024/4/16,19:57:19,3ZC62PVYE0UKUWQP9HGQO966Q1RXXW,FALSE
3051209,Linnaea_borealis,9048084,319415,https://crowdcurio-experiment-images.s3.amazonaws.com/Linnaea_borealis/images/Linnaea_borealis.3051209.jpg,0,1,0,FALSE,3,2,A2Q30K1A0AQ16Q,20721,6.48,2024/4/16,19:57:29,3ZC62PVYE0UKUWQP9HGQO966Q1RXXW,FALSE
3225969,Linnaea_borealis,9048157,319423,https://crowdcurio-experiment-images.s3.amazonaws.com/Linnaea_borealis/images/Linnaea_borealis.3225969.jpg,0,1,0,FALSE,3,3,A2Q30K1A0AQ16Q,20721,6.59,2024/4/16,19:57:38,3ZC62PVYE0UKUWQP9HGQO966Q1RXXW,FALSE
3053216,Linnaea_borealis,9048270,319417,https://crowdcurio-experiment-images.s3.amazonaws.com/Linnaea_borealis/images/Linnaea_borealis.3053216.jpg,0,1,0,FALSE,3,4,A2Q30K1A0AQ16Q,20721,13.41,2024/4/16,19:57:54,3ZC62PVYE0UKUWQP9HGQO966Q1RXXW,FALSE
3053217,Linnaea_borealis,9048340,319418,https://crowdcurio-experiment-images.s3.amazonaws.com/Linnaea_borealis/images/Linnaea_borealis.3053217.jpg,0,1,0,FALSE,3,5,A2Q30K1A0AQ16Q,20721,6.49,2024/4/16,19:58:02,3ZC62PVYE0UKUWQP9HGQO966Q1RXXW,FALSE
3061005,Linnaea_borealis,9048381,319422,https://crowdcurio-experiment-images.s3.amazonaws.com/Linnaea_borealis/images/Linnaea_borealis.3061005.jpg,0,1,0,FALSE,3,6,A2Q30K1A0AQ16Q,20721,6.47,2024/4/16,19:58:11,3ZC62PVYE0UKUWQP9HGQO966Q1RXXW,FALSE
3061003,Linnaea_borealis,9048448,319420,https://crowdcurio-experiment-images.s3.amazonaws.com/Linnaea_borealis/images/Linnaea_borealis.3061003.jpg,0,1,0,FALSE,3,7,A2Q30K1A0AQ16Q,20721,6.17,2024/4/16,19:58:20,3ZC62PVYE0UKUWQP9HGQO966Q1RXXW,FALSE
3061004,Linnaea_borealis,9048518,319421,https://crowdcurio-experiment-images.s3.amazonaws.com/Linnaea_borealis/images/Linnaea_borealis.3061004.jpg,0,1,0,FALSE,3,8,A2Q30K1A0AQ16Q,20721,8.6,2024/4/16,19:58:31,3ZC62PVYE0UKUWQP9HGQO966Q1RXXW,FALSE
3053215,Linnaea_borealis,9048568,319416,https://crowdcurio-experiment-images.s3.amazonaws.com/Linnaea_borealis/images/Linnaea_borealis.3053215.jpg,0,1,0,TRUE,3,9,A2Q30K1A0AQ16Q,20721,5.73,2024/4/16,19:58:38,3ZC62PVYE0UKUWQP9HGQO966Q1RXXW,FALSE
3053218,Linnaea_borealis,9048634,319419,https://crowdcurio-experiment-images.s3.amazonaws.com/Linnaea_borealis/images/Linnaea_borealis.3053218.jpg,0,1,0,FALSE,3,10,A2Q30K1A0AQ16Q,20721,6.07,2024/4/16,19:58:47,3ZC62PVYE0UKUWQP9HGQO966Q1RXXW,FALSE
3046461,Linnaea_borealis,9049203,319411,https://crowdcurio-experiment-images.s3.amazonaws.com/Linnaea_borealis/images/Linnaea_borealis.3046461.jpg,0,1,0,FALSE,1,1,A2Q30K1A0AQ16Q,20721,11.61,2024/4/16,20:02:15,3ZC62PVYE0UKUWQP9HGQO966Q1RXXW,FALSE
3039936,Linnaea_borealis,9049257,319407,https://crowdcurio-experiment-images.s3.amazonaws.com/Linnaea_borealis/images/Linnaea_borealis.3039936.jpg,0,1,0,FALSE,1,2,A2Q30K1A0AQ16Q,20721,10.88,2024/4/16,20:02:29,3ZC62PVYE0UKUWQP9HGQO966Q1RXXW,FALSE
3041297,Linnaea_borealis,9049305,319408,https://crowdcurio-experiment-images.s3.amazonaws.com/Linnaea_borealis/images/Linnaea_borealis.3041297.jpg,0,1,0,FALSE,1,3,A2Q30K1A0AQ16Q,20721,5.9,2024/4/16,20:02:38,3ZC62PVYE0UKUWQP9HGQO966Q1RXXW,FALSE
3048947,Linnaea_borealis,9049381,319413,https://crowdcurio-experiment-images.s3.amazonaws.com/Linnaea_borealis/images/Linnaea_borealis.3048947.jpg,0,1,0,FALSE,1,4,A2Q30K1A0AQ16Q,20721,14.99,2024/4/16,20:02:55,3ZC62PVYE0UKUWQP9HGQO966Q1RXXW,FALSE
3046461,Linnaea_borealis,9049420,319411,https://crowdcurio-experiment-images.s3.amazonaws.com/Linnaea_borealis/images/Linnaea_borealis.3046461.jpg,0,1,0,TRUE,1,5,A2Q30K1A0AQ16Q,20721,6.18,2024/4/16,20:03:03,3ZC62PVYE0UKUWQP9HGQO966Q1RXXW,FALSE
3028027,Linnaea_borealis,9049451,319406,https://crowdcurio-experiment-images.s3.amazonaws.com/Linnaea_borealis/images/Linnaea_borealis.3028027.jpg,0,1,0,FALSE,1,6,A2Q30K1A0AQ16Q,20721,5.66,2024/4/16,20:03:09,3ZC62PVYE0UKUWQP9HGQO966Q1RXXW,FALSE
3051208,Linnaea_borealis,9049482,319414,https://crowdcurio-experiment-images.s3.amazonaws.com/Linnaea_borealis/images/Linnaea_borealis.3051208.jpg,0,1,0,FALSE,1,7,A2Q30K1A0AQ16Q,20721,5.18,2024/4/16,20:03:17,3ZC62PVYE0UKUWQP9HGQO966Q1RXXW,FALSE
3048069,Linnaea_borealis,9049529,319412,https://crowdcurio-experiment-images.s3.amazonaws.com/Linnaea_borealis/images/Linnaea_borealis.3048069.jpg,0,1,0,FALSE,1,8,A2Q30K1A0AQ16Q,20721,7.8,2024/4/16,20:03:26,3ZC62PVYE0UKUWQP9HGQO966Q1RXXW,FALSE
3042012,Linnaea_borealis,9049569,319409,https://crowdcurio-experiment-images.s3.amazonaws.com/Linnaea_borealis/images/Linnaea_borealis.3042012.jpg,0,1,0,FALSE,1,9,A2Q30K1A0AQ16Q,20721,10.65,2024/4/16,20:03:38,3ZC62PVYE0UKUWQP9HGQO966Q1RXXW,FALSE
3045660,Linnaea_borealis,9049589,319410,https://crowdcurio-experiment-images.s3.amazonaws.com/Linnaea_borealis/images/Linnaea_borealis.3045660.jpg,0,1,0,FALSE,1,10,A2Q30K1A0AQ16Q,20721,5.31,2024/4/16,20:03:44,3ZC62PVYE0UKUWQP9HGQO966Q1RXXW,FALSE
274342,Linnaea_borealis,9049669,319403,https://crowdcurio-experiment-images.s3.amazonaws.com/Linnaea_borealis/images/Linnaea_borealis.274342.jpg,0,1,0,FALSE,2,1,A2Q30K1A0AQ16Q,20721,6.15,2024/4/16,20:04:03,3ZC62PVYE0UKUWQP9HGQO966Q1RXXW,FALSE
25170420,Linnaea_borealis,9049702,319509,https://crowdcurio-experiment-images.s3.amazonaws.com/Linnaea_borealis/images/Linnaea_borealis.25170420.jpg,0,1,0,FALSE,2,2,A2Q30K1A0AQ16Q,20721,5.39,2024/4/16,20:04:11,3ZC62PVYE0UKUWQP9HGQO966Q1RXXW,FALSE
2104120,Linnaea_borealis,9049760,319404,https://crowdcurio-experiment-images.s3.amazonaws.com/Linnaea_borealis/images/Linnaea_borealis.2104120.jpg,0,1,0,FALSE,2,3,A2Q30K1A0AQ16Q,20721,8.98,2024/4/16,20:04:23,3ZC62PVYE0UKUWQP9HGQO966Q1RXXW,FALSE
24388417,Linnaea_borealis,9049816,319506,https://crowdcurio-experiment-images.s3.amazonaws.com/Linnaea_borealis/images/Linnaea_borealis.24388417.jpg,0,1,0,FALSE,2,4,A2Q30K1A0AQ16Q,20721,8.48,2024/4/16,20:04:33,3ZC62PVYE0UKUWQP9HGQO966Q1RXXW,FALSE
24388415,Linnaea_borealis,9049871,319505,https://crowdcurio-experiment-images.s3.amazonaws.com/Linnaea_borealis/images/Linnaea_borealis.24388415.jpg,0,1,0,FALSE,2,5,A2Q30K1A0AQ16Q,20721,5.56,2024/4/16,20:04:41,3ZC62PVYE0UKUWQP9HGQO966Q1RXXW,FALSE
2444057,Linnaea_borealis,9050108,319405,https://crowdcurio-experiment-images.s3.amazonaws.com/Linnaea_borealis/images/Linnaea_borealis.2444057.jpg,0,1,0,FALSE,2,6,A2Q30K1A0AQ16Q,20721,37.61,2024/4/16,20:05:21,3ZC62PVYE0UKUWQP9HGQO966Q1RXXW,FALSE
25129338,Linnaea_borealis,9050159,319508,https://crowdcurio-experiment-images.s3.amazonaws.com/Linnaea_borealis/images/Linnaea_borealis.25129338.jpg,0,1,0,FALSE,2,7,A2Q30K1A0AQ16Q,20721,7.14,2024/4/16,20:05:30,3ZC62PVYE0UKUWQP9HGQO966Q1RXXW,FALSE
24388418,Linnaea_borealis,9050204,319507,https://crowdcurio-experiment-images.s3.amazonaws.com/Linnaea_borealis/images/Linnaea_borealis.24388418.jpg,0,1,0,FALSE,2,8,A2Q30K1A0AQ16Q,20721,6.96,2024/4/16,20:05:39,3ZC62PVYE0UKUWQP9HGQO966Q1RXXW,FALSE
24388415,Linnaea_borealis,9050256,319505,https://crowdcurio-experiment-images.s3.amazonaws.com/Linnaea_borealis/images/Linnaea_borealis.24388415.jpg,0,1,0,TRUE,2,9,A2Q30K1A0AQ16Q,20721,5.8,2024/4/16,20:05:46,3ZC62PVYE0UKUWQP9HGQO966Q1RXXW,FALSE
27128415,Linnaea_borealis,9050309,319511,https://crowdcurio-experiment-images.s3.amazonaws.com/Linnaea_borealis/images/Linnaea_borealis.27128415.jpg,0,1,0,FALSE,2,10,A2Q30K1A0AQ16Q,20721,10.3,2024/4/16,20:05:58,3ZC62PVYE0UKUWQP9HGQO966Q1RXXW,FALSE
29178607,Linnaea_borealis,9050427,319513,https://crowdcurio-experiment-images.s3.amazonaws.com/Linnaea_borealis/images/Linnaea_borealis.29178607.jpg,0,1,0,FALSE,3,1,A2Q30K1A0AQ16Q,20721,7.85,2024/4/16,20:06:18,3ZC62PVYE0UKUWQP9HGQO966Q1RXXW,FALSE
15220593,Linnaea_borealis,9050476,319475,https://crowdcurio-experiment-images.s3.amazonaws.com/Linnaea_borealis/images/Linnaea_borealis.15220593.jpg,0,1,0,FALSE,3,2,A2Q30K1A0AQ16Q,20721,8.69,2024/4/16,20:06:28,3ZC62PVYE0UKUWQP9HGQO966Q1RXXW,FALSE
14744169,Linnaea_borealis,9050575,319473,https://crowdcurio-experiment-images.s3.amazonaws.com/Linnaea_borealis/images/Linnaea_borealis.14744169.jpg,0,1,0,FALSE,3,3,A2Q30K1A0AQ16Q,20721,5.51,2024/4/16,20:06:39,3ZC62PVYE0UKUWQP9HGQO966Q1RXXW,FALSE
14925125,Linnaea_borealis,9050605,319474,https://crowdcurio-experiment-images.s3.amazonaws.com/Linnaea_borealis/images/Linnaea_borealis.14925125.jpg,0,1,0,FALSE,3,4,A2Q30K1A0AQ16Q,20721,5.71,2024/4/16,20:07:11,3ZC62PVYE0UKUWQP9HGQO966Q1RXXW,FALSE
16242126,Linnaea_borealis,9050640,319476,https://crowdcurio-experiment-images.s3.amazonaws.com/Linnaea_borealis/images/Linnaea_borealis.16242126.jpg,0,1,0,FALSE,3,5,A2Q30K1A0AQ16Q,20721,5.48,2024/4/16,20:07:18,3ZC62PVYE0UKUWQP9HGQO966Q1RXXW,FALSE
26934995,Linnaea_borealis,9050715,319510,https://crowdcurio-experiment-images.s3.amazonaws.com/Linnaea_borealis/images/Linnaea_borealis.26934995.jpg,0,1,0,FALSE,3,6,A2Q30K1A0AQ16Q,20721,17.7,2024/4/16,20:07:38,3ZC62PVYE0UKUWQP9HGQO966Q1RXXW,FALSE
14735919,Linnaea_borealis,9050747,319472,https://crowdcurio-experiment-images.s3.amazonaws.com/Linnaea_borealis/images/Linnaea_borealis.14735919.jpg,0,1,0,FALSE,3,7,A2Q30K1A0AQ16Q,20721,5.41,2024/4/16,20:07:45,3ZC62PVYE0UKUWQP9HGQO966Q1RXXW,FALSE
15220593,Linnaea_borealis,9050781,319475,https://crowdcurio-experiment-images.s3.amazonaws.com/Linnaea_borealis/images/Linnaea_borealis.15220593.jpg,0,1,0,TRUE,3,8,A2Q30K1A0AQ16Q,20721,6.03,2024/4/16,20:07:53,3ZC62PVYE0UKUWQP9HGQO966Q1RXXW,FALSE
16897179,Linnaea_borealis,9050824,319477,https://crowdcurio-experiment-images.s3.amazonaws.com/Linnaea_borealis/images/Linnaea_borealis.16897179.jpg,0,1,0,FALSE,3,9,A2Q30K1A0AQ16Q,20721,6.48,2024/4/16,20:08:01,3ZC62PVYE0UKUWQP9HGQO966Q1RXXW,FALSE
28892263,Linnaea_borealis,9050861,319512,https://crowdcurio-experiment-images.s3.amazonaws.com/Linnaea_borealis/images/Linnaea_borealis.28892263.jpg,0,1,0,FALSE,3,10,A2Q30K1A0AQ16Q,20721,5.95,2024/4/16,20:08:10,3ZC62PVYE0UKUWQP9HGQO966Q1RXXW,FALSE
6565764,Linnaea_borealis,9050971,319455,https://crowdcurio-experiment-images.s3.amazonaws.com/Linnaea_borealis/images/Linnaea_borealis.6565764.jpg,0,1,0,FALSE,4,1,A2Q30K1A0AQ16Q,20721,5.85,2024/4/16,20:08:33,3ZC62PVYE0UKUWQP9HGQO966Q1RXXW,FALSE
14292009,Linnaea_borealis,9051011,319471,https://crowdcurio-experiment-images.s3.amazonaws.com/Linnaea_borealis/images/Linnaea_borealis.14292009.jpg,0,1,0,FALSE,4,2,A2Q30K1A0AQ16Q,20721,6.36,2024/4/16,20:08:41,3ZC62PVYE0UKUWQP9HGQO966Q1RXXW,FALSE
6780983,Linnaea_borealis,9051051,319457,https://crowdcurio-experiment-images.s3.amazonaws.com/Linnaea_borealis/images/Linnaea_borealis.6780983.jpg,0,1,0,FALSE,4,3,A2Q30K1A0AQ16Q,20721,6.33,2024/4/16,20:08:50,3ZC62PVYE0UKUWQP9HGQO966Q1RXXW,FALSE
13844365,Linnaea_borealis,9051094,319470,https://crowdcurio-experiment-images.s3.amazonaws.com/Linnaea_borealis/images/Linnaea_borealis.13844365.jpg,0,1,0,FALSE,4,4,A2Q30K1A0AQ16Q,20721,6.58,2024/4/16,20:08:59,3ZC62PVYE0UKUWQP9HGQO966Q1RXXW,FALSE
13844305,Linnaea_borealis,9051145,319469,https://crowdcurio-experiment-images.s3.amazonaws.com/Linnaea_borealis/images/Linnaea_borealis.13844305.jpg,0,1,0,FALSE,4,5,A2Q30K1A0AQ16Q,20721,7.16,2024/4/16,20:09:09,3ZC62PVYE0UKUWQP9HGQO966Q1RXXW,FALSE
6572125,Linnaea_borealis,9051198,319456,https://crowdcurio-experiment-images.s3.amazonaws.com/Linnaea_borealis/images/Linnaea_borealis.6572125.jpg,0,1,0,FALSE,4,6,A2Q30K1A0AQ16Q,20721,6.16,2024/4/16,20:09:18,3ZC62PVYE0UKUWQP9HGQO966Q1RXXW,FALSE
8801568,Linnaea_borealis,9051238,319459,https://crowdcurio-experiment-images.s3.amazonaws.com/Linnaea_borealis/images/Linnaea_borealis.8801568.jpg,0,1,0,FALSE,4,7,A2Q30K1A0AQ16Q,20721,5.33,2024/4/16,20:09:25,3ZC62PVYE0UKUWQP9HGQO966Q1RXXW,FALSE
6537778,Linnaea_borealis,9051287,319454,https://crowdcurio-experiment-images.s3.amazonaws.com/Linnaea_borealis/images/Linnaea_borealis.6537778.jpg,0,1,0,FALSE,4,8,A2Q30K1A0AQ16Q,20721,7.73,2024/4/16,20:09:41,3ZC62PVYE0UKUWQP9HGQO966Q1RXXW,FALSE
8527324,Linnaea_borealis,9051443,319458,https://crowdcurio-experiment-images.s3.amazonaws.com/Linnaea_borealis/images/Linnaea_borealis.8527324.jpg,0,1,0,FALSE,4,9,A2Q30K1A0AQ16Q,20721,36.17,2024/4/16,20:10:25,3ZC62PVYE0UKUWQP9HGQO966Q1RXXW,FALSE
13844305,Linnaea_borealis,9051474,319469,https://crowdcurio-experiment-images.s3.amazonaws.com/Linnaea_borealis/images/Linnaea_borealis.13844305.jpg,0,1,0,TRUE,4,10,A2Q30K1A0AQ16Q,20721,6.32,2024/4/16,20:10:33,3ZC62PVYE0UKUWQP9HGQO966Q1RXXW,FALSE
22829467,Linnaea_borealis,9051572,319500,https://crowdcurio-experiment-images.s3.amazonaws.com/Linnaea_borealis/images/Linnaea_borealis.22829467.jpg,0,1,0,FALSE,5,1,A2Q30K1A0AQ16Q,20721,12.44,2024/4/16,20:11:02,3ZC62PVYE0UKUWQP9HGQO966Q1RXXW,FALSE
21703523,Linnaea_borealis,9051680,319499,https://crowdcurio-experiment-images.s3.amazonaws.com/Linnaea_borealis/images/Linnaea_borealis.21703523.jpg,0,1,0,FALSE,5,2,A2Q30K1A0AQ16Q,20721,22.27,2024/4/16,20:11:27,3ZC62PVYE0UKUWQP9HGQO966Q1RXXW,FALSE
6474653,Linnaea_borealis,9051710,319451,https://crowdcurio-experiment-images.s3.amazonaws.com/Linnaea_borealis/images/Linnaea_borealis.6474653.jpg,0,1,0,FALSE,5,3,A2Q30K1A0AQ16Q,20721,5,2024/4/16,20:11:34,3ZC62PVYE0UKUWQP9HGQO966Q1RXXW,FALSE
21361927,Linnaea_borealis,9051747,319498,https://crowdcurio-experiment-images.s3.amazonaws.com/Linnaea_borealis/images/Linnaea_borealis.21361927.jpg,0,1,0,FALSE,5,4,A2Q30K1A0AQ16Q,20721,5.47,2024/4/16,20:11:43,3ZC62PVYE0UKUWQP9HGQO966Q1RXXW,FALSE
24388398,Linnaea_borealis,9051815,319502,https://crowdcurio-experiment-images.s3.amazonaws.com/Linnaea_borealis/images/Linnaea_borealis.24388398.jpg,0,1,0,FALSE,5,5,A2Q30K1A0AQ16Q,20721,11.32,2024/4/16,20:11:56,3ZC62PVYE0UKUWQP9HGQO966Q1RXXW,FALSE
21361927,Linnaea_borealis,9051853,319498,https://crowdcurio-experiment-images.s3.amazonaws.com/Linnaea_borealis/images/Linnaea_borealis.21361927.jpg,0,1,0,TRUE,5,6,A2Q30K1A0AQ16Q,20721,6.66,2024/4/16,20:12:04,3ZC62PVYE0UKUWQP9HGQO966Q1RXXW,FALSE
21361911,Linnaea_borealis,9051940,319497,https://crowdcurio-experiment-images.s3.amazonaws.com/Linnaea_borealis/images/Linnaea_borealis.21361911.jpg,0,1,0,FALSE,5,7,A2Q30K1A0AQ16Q,20721,14.05,2024/4/16,20:12:21,3ZC62PVYE0UKUWQP9HGQO966Q1RXXW,FALSE
21291452,Linnaea_borealis,9052009,319496,https://crowdcurio-experiment-images.s3.amazonaws.com/Linnaea_borealis/images/Linnaea_borealis.21291452.jpg,0,1,0,FALSE,5,8,A2Q30K1A0AQ16Q,20721,6.85,2024/4/16,20:12:35,3ZC62PVYE0UKUWQP9HGQO966Q1RXXW,FALSE
6492673,Linnaea_borealis,9052065,319452,https://crowdcurio-experiment-images.s3.amazonaws.com/Linnaea_borealis/images/Linnaea_borealis.6492673.jpg,0,1,0,FALSE,5,9,A2Q30K1A0AQ16Q,20721,7.42,2024/4/16,20:12:47,3ZC62PVYE0UKUWQP9HGQO966Q1RXXW,FALSE
6510356,Linnaea_borealis,9052117,319453,https://crowdcurio-experiment-images.s3.amazonaws.com/Linnaea_borealis/images/Linnaea_borealis.6510356.jpg,0,1,0,FALSE,5,10,A2Q30K1A0AQ16Q,20721,5.51,2024/4/16,20:12:57,3ZC62PVYE0UKUWQP9HGQO966Q1RXXW,FALSE
20607365,Linnaea_borealis,9053133,319493,https://crowdcurio-experiment-images.s3.amazonaws.com/Linnaea_borealis/images/Linnaea_borealis.20607365.jpg,0,2,0,FALSE,6,1,A2Q30K1A0AQ16Q,20721,16.62,2024/4/16,20:18:40,3ZC62PVYE0UKUWQP9HGQO966Q1RXXW,FALSE
24388401,Linnaea_borealis,9052836,319504,https://crowdcurio-experiment-images.s3.amazonaws.com/Linnaea_borealis/images/Linnaea_borealis.24388401.jpg,0,1,0,FALSE,1,1,A2Q30K1A0AQ16Q,20721,10.44,2024/4/16,20:17:33,3ZC62PVYE0UKUWQP9HGQO966Q1RXXW,FALSE
24388400,Linnaea_borealis,9052861,319503,https://crowdcurio-experiment-images.s3.amazonaws.com/Linnaea_borealis/images/Linnaea_borealis.24388400.jpg,0,1,0,FALSE,1,2,A2Q30K1A0AQ16Q,20721,6.43,2024/4/16,20:17:42,3ZC62PVYE0UKUWQP9HGQO966Q1RXXW,FALSE
20260177,Linnaea_borealis,9052896,319491,https://crowdcurio-experiment-images.s3.amazonaws.com/Linnaea_borealis/images/Linnaea_borealis.20260177.jpg,0,1,0,FALSE,1,3,A2Q30K1A0AQ16Q,20721,5.29,2024/4/16,20:17:49,3ZC62PVYE0UKUWQP9HGQO966Q1RXXW,FALSE
21007602,Linnaea_borealis,9052932,319495,https://crowdcurio-experiment-images.s3.amazonaws.com/Linnaea_borealis/images/Linnaea_borealis.21007602.jpg,0,1,0,FALSE,1,4,A2Q30K1A0AQ16Q,20721,5.14,2024/4/16,20:17:56,3ZC62PVYE0UKUWQP9HGQO966Q1RXXW,FALSE
24388397,Linnaea_borealis,9052994,319501,https://crowdcurio-experiment-images.s3.amazonaws.com/Linnaea_borealis/images/Linnaea_borealis.24388397.jpg,0,1,0,FALSE,1,5,A2Q30K1A0AQ16Q,20721,12.37,2024/4/16,20:18:11,3ZC62PVYE0UKUWQP9HGQO966Q1RXXW,FALSE
20991060,Linnaea_borealis,9053037,319494,https://crowdcurio-experiment-images.s3.amazonaws.com/Linnaea_borealis/images/Linnaea_borealis.20991060.jpg,0,1,0,FALSE,1,6,A2Q30K1A0AQ16Q,20721,7.16,2024/4/16,20:18:21,3ZC62PVYE0UKUWQP9HGQO966Q1RXXW,FALSE
20260186,Linnaea_borealis,9053169,319492,https://crowdcurio-experiment-images.s3.amazonaws.com/Linnaea_borealis/images/Linnaea_borealis.20260186.jpg,0,1,0,FALSE,1,8,A2Q30K1A0AQ16Q,20721,6.43,2024/4/16,20:18:49,3ZC62PVYE0UKUWQP9HGQO966Q1RXXW,FALSE
24388401,Linnaea_borealis,9053305,319504,https://crowdcurio-experiment-images.s3.amazonaws.com/Linnaea_borealis/images/Linnaea_borealis.24388401.jpg,0,1,0,TRUE,1,9,A2Q30K1A0AQ16Q,20721,27.86,2024/4/16,20:19:18,3ZC62PVYE0UKUWQP9HGQO966Q1RXXW,FALSE
19797357,Linnaea_borealis,9053339,319490,https://crowdcurio-experiment-images.s3.amazonaws.com/Linnaea_borealis/images/Linnaea_borealis.19797357.jpg,0,1,0,FALSE,1,10,A2Q30K1A0AQ16Q,20721,6.34,2024/4/16,20:19:27,3ZC62PVYE0UKUWQP9HGQO966Q1RXXW,FALSE
16904915,Linnaea_borealis,9053498,319484,https://crowdcurio-experiment-images.s3.amazonaws.com/Linnaea_borealis/images/Linnaea_borealis.16904915.jpg,0,1,0,FALSE,2,1,A2Q30K1A0AQ16Q,20721,8.21,2024/4/16,20:20:13,3ZC62PVYE0UKUWQP9HGQO966Q1RXXW,FALSE
16903406,Linnaea_borealis,9053522,319483,https://crowdcurio-experiment-images.s3.amazonaws.com/Linnaea_borealis/images/Linnaea_borealis.16903406.jpg,0,1,0,FALSE,2,2,A2Q30K1A0AQ16Q,20721,6.38,2024/4/16,20:20:22,3ZC62PVYE0UKUWQP9HGQO966Q1RXXW,FALSE
16904915,Linnaea_borealis,9053540,319484,https://crowdcurio-experiment-images.s3.amazonaws.com/Linnaea_borealis/images/Linnaea_borealis.16904915.jpg,0,1,0,TRUE,2,3,A2Q30K1A0AQ16Q,20721,6.79,2024/4/16,20:20:30,3ZC62PVYE0UKUWQP9HGQO966Q1RXXW,FALSE
19797353,Linnaea_borealis,9053569,319486,https://crowdcurio-experiment-images.s3.amazonaws.com/Linnaea_borealis/images/Linnaea_borealis.19797353.jpg,0,1,0,FALSE,2,4,A2Q30K1A0AQ16Q,20721,6.03,2024/4/16,20:20:38,3ZC62PVYE0UKUWQP9HGQO966Q1RXXW,FALSE
17049313,Linnaea_borealis,9053604,319485,https://crowdcurio-experiment-images.s3.amazonaws.com/Linnaea_borealis/images/Linnaea_borealis.17049313.jpg,0,1,0,FALSE,2,5,A2Q30K1A0AQ16Q,20721,8.42,2024/4/16,20:20:49,3ZC62PVYE0UKUWQP9HGQO966Q1RXXW,FALSE
19797355,Linnaea_borealis,9053646,319488,https://crowdcurio-experiment-images.s3.amazonaws.com/Linnaea_borealis/images/Linnaea_borealis.19797355.jpg,0,1,0,FALSE,2,6,A2Q30K1A0AQ16Q,20721,5.8,2024/4/16,20:20:57,3ZC62PVYE0UKUWQP9HGQO966Q1RXXW,FALSE
16897734,Linnaea_borealis,9053693,319482,https://crowdcurio-experiment-images.s3.amazonaws.com/Linnaea_borealis/images/Linnaea_borealis.16897734.jpg,0,1,0,FALSE,2,7,A2Q30K1A0AQ16Q,20721,9.08,2024/4/16,20:21:09,3ZC62PVYE0UKUWQP9HGQO966Q1RXXW,FALSE
16897733,Linnaea_borealis,9053776,319481,https://crowdcurio-experiment-images.s3.amazonaws.com/Linnaea_borealis/images/Linnaea_borealis.16897733.jpg,0,1,0,FALSE,2,8,A2Q30K1A0AQ16Q,20721,9.48,2024/4/16,20:21:44,3ZC62PVYE0UKUWQP9HGQO966Q1RXXW,FALSE
19797356,Linnaea_borealis,9053802,319489,https://crowdcurio-experiment-images.s3.amazonaws.com/Linnaea_borealis/images/Linnaea_borealis.19797356.jpg,0,1,0,FALSE,2,9,A2Q30K1A0AQ16Q,20721,6.7,2024/4/16,20:21:53,3ZC62PVYE0UKUWQP9HGQO966Q1RXXW,FALSE
19797354,Linnaea_borealis,9053832,319487,https://crowdcurio-experiment-images.s3.amazonaws.com/Linnaea_borealis/images/Linnaea_borealis.19797354.jpg,0,1,0,FALSE,2,10,A2Q30K1A0AQ16Q,20721,6.35,2024/4/16,20:22:02,3ZC62PVYE0UKUWQP9HGQO966Q1RXXW,FALSE
13844100,Linnaea_borealis,9054872,319467,https://crowdcurio-experiment-images.s3.amazonaws.com/Linnaea_borealis/images/Linnaea_borealis.13844100.jpg,0,3,0,FALSE,1,1,A2Q30K1A0AQ16Q,20721,5.6,2024/4/16,20:31:47,3ZC62PVYE0UKUWQP9HGQO966Q1RXXW,FALSE
13843574,Linnaea_borealis,9054731,319463,https://crowdcurio-experiment-images.s3.amazonaws.com/Linnaea_borealis/images/Linnaea_borealis.13843574.jpg,0,1,0,FALSE,1,1,A2Q30K1A0AQ16Q,20721,5.1,2024/4/16,20:31:14,3ZC62PVYE0UKUWQP9HGQO966Q1RXXW,FALSE
13844071,Linnaea_borealis,9054796,319466,https://crowdcurio-experiment-images.s3.amazonaws.com/Linnaea_borealis/images/Linnaea_borealis.13844071.jpg,0,1,0,FALSE,1,2,A2Q30K1A0AQ16Q,20721,16.56,2024/4/16,20:31:32,3ZC62PVYE0UKUWQP9HGQO966Q1RXXW,FALSE
13843661,Linnaea_borealis,9054828,319464,https://crowdcurio-experiment-images.s3.amazonaws.com/Linnaea_borealis/images/Linnaea_borealis.13843661.jpg,0,1,0,FALSE,1,3,A2Q30K1A0AQ16Q,20721,5.69,2024/4/16,20:31:40,3ZC62PVYE0UKUWQP9HGQO966Q1RXXW,FALSE
13844071,Linnaea_borealis,9054906,319466,https://crowdcurio-experiment-images.s3.amazonaws.com/Linnaea_borealis/images/Linnaea_borealis.13844071.jpg,0,1,0,TRUE,1,5,A2Q30K1A0AQ16Q,20721,6.16,2024/4/16,20:31:55,3ZC62PVYE0UKUWQP9HGQO966Q1RXXW,FALSE
13843928,Linnaea_borealis,9054938,319465,https://crowdcurio-experiment-images.s3.amazonaws.com/Linnaea_borealis/images/Linnaea_borealis.13843928.jpg,0,1,0,FALSE,1,6,A2Q30K1A0AQ16Q,20721,5.55,2024/4/16,20:32:02,3ZC62PVYE0UKUWQP9HGQO966Q1RXXW,FALSE
16897731,Linnaea_borealis,9054998,319479,https://crowdcurio-experiment-images.s3.amazonaws.com/Linnaea_borealis/images/Linnaea_borealis.16897731.jpg,0,1,0,FALSE,1,7,A2Q30K1A0AQ16Q,20721,9.8,2024/4/16,20:32:14,3ZC62PVYE0UKUWQP9HGQO966Q1RXXW,FALSE
16897732,Linnaea_borealis,9055033,319480,https://crowdcurio-experiment-images.s3.amazonaws.com/Linnaea_borealis/images/Linnaea_borealis.16897732.jpg,0,1,0,FALSE,1,8,A2Q30K1A0AQ16Q,20721,5.86,2024/4/16,20:32:21,3ZC62PVYE0UKUWQP9HGQO966Q1RXXW,FALSE
16897730,Linnaea_borealis,9055087,319478,https://crowdcurio-experiment-images.s3.amazonaws.com/Linnaea_borealis/images/Linnaea_borealis.16897730.jpg,0,1,0,FALSE,1,9,A2Q30K1A0AQ16Q,20721,6.3,2024/4/16,20:32:29,3ZC62PVYE0UKUWQP9HGQO966Q1RXXW,FALSE
13844168,Linnaea_borealis,9055118,319468,https://crowdcurio-experiment-images.s3.amazonaws.com/Linnaea_borealis/images/Linnaea_borealis.13844168.jpg,0,1,0,FALSE,1,10,A2Q30K1A0AQ16Q,20721,5.64,2024/4/16,20:32:37,3ZC62PVYE0UKUWQP9HGQO966Q1RXXW,FALSE
4123230,Linnaea_borealis,9083817,319436,https://crowdcurio-experiment-images.s3.amazonaws.com/Linnaea_borealis/images/Linnaea_borealis.4123230.jpg,0,0,1,FALSE,1,1,APRZ7BR8C0ZMQ,580,359.38,2024/4/16,22:25:11,3ZC62PVYE0UKUWQP9HGQO966Q1RXXW,FALSE
4762830,Linnaea_borealis,9083924,319438,https://crowdcurio-experiment-images.s3.amazonaws.com/Linnaea_borealis/images/Linnaea_borealis.4762830.jpg,0,2,0,FALSE,1,2,APRZ7BR8C0ZMQ,580,22.85,2024/4/16,22:25:36,3ZC62PVYE0UKUWQP9HGQO966Q1RXXW,FALSE
4762936,Linnaea_borealis,9083985,319439,https://crowdcurio-experiment-images.s3.amazonaws.com/Linnaea_borealis/images/Linnaea_borealis.4762936.jpg,0,0,5,FALSE,1,3,APRZ7BR8C0ZMQ,580,10.93,2024/4/16,22:25:48,3ZC62PVYE0UKUWQP9HGQO966Q1RXXW,FALSE
6043185,Linnaea_borealis,9084137,319442,https://crowdcurio-experiment-images.s3.amazonaws.com/Linnaea_borealis/images/Linnaea_borealis.6043185.jpg,0,2,2,FALSE,1,4,APRZ7BR8C0ZMQ,580,26.26,2024/4/16,22:26:15,3ZC62PVYE0UKUWQP9HGQO966Q1RXXW,FALSE
4121239,Linnaea_borealis,9084249,319434,https://crowdcurio-experiment-images.s3.amazonaws.com/Linnaea_borealis/images/Linnaea_borealis.4121239.jpg,0,2,4,FALSE,1,5,APRZ7BR8C0ZMQ,580,15.75,2024/4/16,22:26:32,3ZC62PVYE0UKUWQP9HGQO966Q1RXXW,FALSE
4761725,Linnaea_borealis,9084408,319437,https://crowdcurio-experiment-images.s3.amazonaws.com/Linnaea_borealis/images/Linnaea_borealis.4761725.jpg,0,10,1,FALSE,1,6,APRZ7BR8C0ZMQ,580,27.82,2024/4/16,22:27:01,3ZC62PVYE0UKUWQP9HGQO966Q1RXXW,FALSE
6038881,Linnaea_borealis,9084543,319440,https://crowdcurio-experiment-images.s3.amazonaws.com/Linnaea_borealis/images/Linnaea_borealis.6038881.jpg,2,0,3,FALSE,1,7,APRZ7BR8C0ZMQ,580,24.58,2024/4/16,22:27:31,3ZC62PVYE0UKUWQP9HGQO966Q1RXXW,FALSE
4122485,Linnaea_borealis,9084662,319435,https://crowdcurio-experiment-images.s3.amazonaws.com/Linnaea_borealis/images/Linnaea_borealis.4122485.jpg,0,2,0,FALSE,1,8,APRZ7BR8C0ZMQ,580,16.39,2024/4/16,22:27:50,3ZC62PVYE0UKUWQP9HGQO966Q1RXXW,FALSE
4761725,Linnaea_borealis,9084858,319437,https://crowdcurio-experiment-images.s3.amazonaws.com/Linnaea_borealis/images/Linnaea_borealis.4761725.jpg,1,9,3,TRUE,1,9,APRZ7BR8C0ZMQ,580,31.86,2024/4/16,22:28:23,3ZC62PVYE0UKUWQP9HGQO966Q1RXXW,FALSE
6040307,Linnaea_borealis,9084910,319441,https://crowdcurio-experiment-images.s3.amazonaws.com/Linnaea_borealis/images/Linnaea_borealis.6040307.jpg,0,4,0,FALSE,1,10,APRZ7BR8C0ZMQ,580,9.12,2024/4/16,22:28:34,3ZC62PVYE0UKUWQP9HGQO966Q1RXXW,FALSE
4028531,Linnaea_borealis,9086498,319431,https://crowdcurio-experiment-images.s3.amazonaws.com/Linnaea_borealis/images/Linnaea_borealis.4028531.jpg,6,0,0,FALSE,1,1,A1MZW31OFMG9A2,19879,197.74,2024/4/16,22:33:40,3ZC62PVYE0UKUWQP9HGQO966Q1RXXW,FALSE
3233064,Linnaea_borealis,9088538,319425,https://crowdcurio-experiment-images.s3.amazonaws.com/Linnaea_borealis/images/Linnaea_borealis.3233064.jpg,0,0,14,FALSE,1,2,A1MZW31OFMG9A2,19879,331.7,2024/4/16,22:39:27,3ZC62PVYE0UKUWQP9HGQO966Q1RXXW,FALSE
4028530,Linnaea_borealis,9089024,319430,https://crowdcurio-experiment-images.s3.amazonaws.com/Linnaea_borealis/images/Linnaea_borealis.4028530.jpg,1,0,0,FALSE,1,3,A1MZW31OFMG9A2,19879,56.61,2024/4/16,22:40:25,3ZC62PVYE0UKUWQP9HGQO966Q1RXXW,FALSE
3385811,Linnaea_borealis,9089511,319429,https://crowdcurio-experiment-images.s3.amazonaws.com/Linnaea_borealis/images/Linnaea_borealis.3385811.jpg,1,2,1,FALSE,1,4,A1MZW31OFMG9A2,19879,58.9,2024/4/16,22:41:26,3ZC62PVYE0UKUWQP9HGQO966Q1RXXW,FALSE
3234274,Linnaea_borealis,9089762,319427,https://crowdcurio-experiment-images.s3.amazonaws.com/Linnaea_borealis/images/Linnaea_borealis.3234274.jpg,0,4,1,FALSE,1,5,A1MZW31OFMG9A2,19879,33.97,2024/4/16,22:42:02,3ZC62PVYE0UKUWQP9HGQO966Q1RXXW,FALSE
3053216,Linnaea_borealis,9090344,319417,https://crowdcurio-experiment-images.s3.amazonaws.com/Linnaea_borealis/images/Linnaea_borealis.3053216.jpg,0,8,0,FALSE,1,1,AT0DZZHUS4IYG,22397,1161.81,2024/4/16,22:43:20,3ZC62PVYE0UKUWQP9HGQO966Q1RXXW,FALSE
3061003,Linnaea_borealis,9091311,319420,https://crowdcurio-experiment-images.s3.amazonaws.com/Linnaea_borealis/images/Linnaea_borealis.3061003.jpg,0,8,0,FALSE,1,2,AT0DZZHUS4IYG,22397,147.1,2024/4/16,22:45:48,3ZC62PVYE0UKUWQP9HGQO966Q1RXXW,FALSE
3053216,Linnaea_borealis,9091581,319417,https://crowdcurio-experiment-images.s3.amazonaws.com/Linnaea_borealis/images/Linnaea_borealis.3053216.jpg,0,8,0,TRUE,1,3,AT0DZZHUS4IYG,22397,33.9,2024/4/16,22:46:23,3ZC62PVYE0UKUWQP9HGQO966Q1RXXW,FALSE
3053217,Linnaea_borealis,9091863,319418,https://crowdcurio-experiment-images.s3.amazonaws.com/Linnaea_borealis/images/Linnaea_borealis.3053217.jpg,3,7,0,FALSE,1,4,AT0DZZHUS4IYG,22397,32.6,2024/4/16,22:46:57,3ZC62PVYE0UKUWQP9HGQO966Q1RXXW,FALSE
3226778,Linnaea_borealis,9092214,319424,https://crowdcurio-experiment-images.s3.amazonaws.com/Linnaea_borealis/images/Linnaea_borealis.3226778.jpg,13,9,0,FALSE,1,5,AT0DZZHUS4IYG,22397,66.01,2024/4/16,22:48:04,3ZC62PVYE0UKUWQP9HGQO966Q1RXXW,FALSE
3061004,Linnaea_borealis,9092295,319421,https://crowdcurio-experiment-images.s3.amazonaws.com/Linnaea_borealis/images/Linnaea_borealis.3061004.jpg,0,4,0,FALSE,1,6,AT0DZZHUS4IYG,22397,17.39,2024/4/16,22:48:23,3ZC62PVYE0UKUWQP9HGQO966Q1RXXW,FALSE
3053215,Linnaea_borealis,9092490,319416,https://crowdcurio-experiment-images.s3.amazonaws.com/Linnaea_borealis/images/Linnaea_borealis.3053215.jpg,5,9,0,FALSE,1,7,AT0DZZHUS4IYG,22397,39.46,2024/4/16,22:49:04,3ZC62PVYE0UKUWQP9HGQO966Q1RXXW,FALSE
3053218,Linnaea_borealis,9092945,319419,https://crowdcurio-experiment-images.s3.amazonaws.com/Linnaea_borealis/images/Linnaea_borealis.3053218.jpg,12,22,0,FALSE,1,8,AT0DZZHUS4IYG,22397,89.1,2024/4/16,22:50:34,3ZC62PVYE0UKUWQP9HGQO966Q1RXXW,FALSE
3061005,Linnaea_borealis,9093162,319422,https://crowdcurio-experiment-images.s3.amazonaws.com/Linnaea_borealis/images/Linnaea_borealis.3061005.jpg,8,0,0,FALSE,1,9,AT0DZZHUS4IYG,22397,42.66,2024/4/16,22:51:22,3ZC62PVYE0UKUWQP9HGQO966Q1RXXW,FALSE
3225969,Linnaea_borealis,9093769,319423,https://crowdcurio-experiment-images.s3.amazonaws.com/Linnaea_borealis/images/Linnaea_borealis.3225969.jpg,3,4,4,FALSE,1,10,AT0DZZHUS4IYG,22397,90.52,2024/4/16,22:52:56,3ZC62PVYE0UKUWQP9HGQO966Q1RXXW,FALSE
4028531,Linnaea_borealis,9093417,319431,https://crowdcurio-experiment-images.s3.amazonaws.com/Linnaea_borealis/images/Linnaea_borealis.4028531.jpg,2,0,0,TRUE,1,6,A1MZW31OFMG9A2,19879,598.43,2024/4/16,22:52:03,3ZC62PVYE0UKUWQP9HGQO966Q1RXXW,FALSE
4049940,Linnaea_borealis,9093900,319432,https://crowdcurio-experiment-images.s3.amazonaws.com/Linnaea_borealis/images/Linnaea_borealis.4049940.jpg,3,6,0,FALSE,1,7,A1MZW31OFMG9A2,19879,72.91,2024/4/16,22:53:17,3ZC62PVYE0UKUWQP9HGQO966Q1RXXW,FALSE
4110939,Linnaea_borealis,9095344,319433,https://crowdcurio-experiment-images.s3.amazonaws.com/Linnaea_borealis/images/Linnaea_borealis.4110939.jpg,1,0,0,FALSE,1,8,A1MZW31OFMG9A2,19879,272.32,2024/4/16,22:57:55,3ZC62PVYE0UKUWQP9HGQO966Q1RXXW,FALSE
3288032,Linnaea_borealis,9095606,319428,https://crowdcurio-experiment-images.s3.amazonaws.com/Linnaea_borealis/images/Linnaea_borealis.3288032.jpg,0,3,0,FALSE,1,9,A1MZW31OFMG9A2,19879,45.13,2024/4/16,22:58:46,3ZC62PVYE0UKUWQP9HGQO966Q1RXXW,FALSE
3233065,Linnaea_borealis,9095862,319426,https://crowdcurio-experiment-images.s3.amazonaws.com/Linnaea_borealis/images/Linnaea_borealis.3233065.jpg,1,9,0,FALSE,1,10,A1MZW31OFMG9A2,19879,47.9,2024/4/16,22:59:35,3ZC62PVYE0UKUWQP9HGQO966Q1RXXW,FALSE
3048069,Linnaea_borealis,9101569,319412,https://crowdcurio-experiment-images.s3.amazonaws.com/Linnaea_borealis/images/Linnaea_borealis.3048069.jpg,2,6,0,FALSE,1,1,A2G6V8JHHQOEUF,20248,99.5,2024/4/16,23:17:19,3ZC62PVYE0UKUWQP9HGQO966Q1RXXW,FALSE
3039936,Linnaea_borealis,9101882,319407,https://crowdcurio-experiment-images.s3.amazonaws.com/Linnaea_borealis/images/Linnaea_borealis.3039936.jpg,1,4,0,FALSE,1,2,A2G6V8JHHQOEUF,20248,71.37,2024/4/16,23:18:33,3ZC62PVYE0UKUWQP9HGQO966Q1RXXW,FALSE
3048947,Linnaea_borealis,9102171,319413,https://crowdcurio-experiment-images.s3.amazonaws.com/Linnaea_borealis/images/Linnaea_borealis.3048947.jpg,13,0,1,FALSE,1,3,A2G6V8JHHQOEUF,20248,87.87,2024/4/16,23:20:03,3ZC62PVYE0UKUWQP9HGQO966Q1RXXW,FALSE
3042012,Linnaea_borealis,9102349,319409,https://crowdcurio-experiment-images.s3.amazonaws.com/Linnaea_borealis/images/Linnaea_borealis.3042012.jpg,1,10,0,FALSE,1,4,A2G6V8JHHQOEUF,20248,59.43,2024/4/16,23:21:05,3ZC62PVYE0UKUWQP9HGQO966Q1RXXW,FALSE
3051208,Linnaea_borealis,9102526,319414,https://crowdcurio-experiment-images.s3.amazonaws.com/Linnaea_borealis/images/Linnaea_borealis.3051208.jpg,0,4,0,FALSE,1,5,A2G6V8JHHQOEUF,20248,52.24,2024/4/16,23:21:59,3ZC62PVYE0UKUWQP9HGQO966Q1RXXW,FALSE
3051209,Linnaea_borealis,9102674,319415,https://crowdcurio-experiment-images.s3.amazonaws.com/Linnaea_borealis/images/Linnaea_borealis.3051209.jpg,0,5,0,FALSE,1,6,A2G6V8JHHQOEUF,20248,41.02,2024/4/16,23:22:42,3ZC62PVYE0UKUWQP9HGQO966Q1RXXW,FALSE
3048947,Linnaea_borealis,9103039,319413,https://crowdcurio-experiment-images.s3.amazonaws.com/Linnaea_borealis/images/Linnaea_borealis.3048947.jpg,12,0,4,TRUE,1,7,A2G6V8JHHQOEUF,20248,88.39,2024/4/16,23:24:11,3ZC62PVYE0UKUWQP9HGQO966Q1RXXW,FALSE
3028027,Linnaea_borealis,9103230,319406,https://crowdcurio-experiment-images.s3.amazonaws.com/Linnaea_borealis/images/Linnaea_borealis.3028027.jpg,4,4,4,FALSE,1,8,A2G6V8JHHQOEUF,20248,54.3,2024/4/16,23:25:08,3ZC62PVYE0UKUWQP9HGQO966Q1RXXW,FALSE
3041297,Linnaea_borealis,9103521,319408,https://crowdcurio-experiment-images.s3.amazonaws.com/Linnaea_borealis/images/Linnaea_borealis.3041297.jpg,0,9,4,FALSE,1,9,A2G6V8JHHQOEUF,20248,90.06,2024/4/16,23:26:40,3ZC62PVYE0UKUWQP9HGQO966Q1RXXW,FALSE
3045660,Linnaea_borealis,9103802,319410,https://crowdcurio-experiment-images.s3.amazonaws.com/Linnaea_borealis/images/Linnaea_borealis.3045660.jpg,1,5,1,FALSE,1,10,A2G6V8JHHQOEUF,20248,83.58,2024/4/16,23:28:05,3ZC62PVYE0UKUWQP9HGQO966Q1RXXW,FALSE
24388415,Linnaea_borealis,9104078,319505,https://crowdcurio-experiment-images.s3.amazonaws.com/Linnaea_borealis/images/Linnaea_borealis.24388415.jpg,0,9,3,FALSE,2,1,A2G6V8JHHQOEUF,20248,89.88,2024/4/16,23:29:52,3ZC62PVYE0UKUWQP9HGQO966Q1RXXW,FALSE
24388417,Linnaea_borealis,9104392,319506,https://crowdcurio-experiment-images.s3.amazonaws.com/Linnaea_borealis/images/Linnaea_borealis.24388417.jpg,1,1,2,FALSE,2,2,A2G6V8JHHQOEUF,20248,76.23,2024/4/16,23:31:10,3ZC62PVYE0UKUWQP9HGQO966Q1RXXW,FALSE
15220593,Linnaea_borealis,9104767,319475,https://crowdcurio-experiment-images.s3.amazonaws.com/Linnaea_borealis/images/Linnaea_borealis.15220593.jpg,1,4,0,FALSE,2,3,A2G6V8JHHQOEUF,20248,84.78,2024/4/16,23:32:36,3ZC62PVYE0UKUWQP9HGQO966Q1RXXW,FALSE
16897179,Linnaea_borealis,9105211,319477,https://crowdcurio-experiment-images.s3.amazonaws.com/Linnaea_borealis/images/Linnaea_borealis.16897179.jpg,0,17,2,FALSE,2,4,A2G6V8JHHQOEUF,20248,119.62,2024/4/16,23:34:38,3ZC62PVYE0UKUWQP9HGQO966Q1RXXW,FALSE
24388418,Linnaea_borealis,9105449,319507,https://crowdcurio-experiment-images.s3.amazonaws.com/Linnaea_borealis/images/Linnaea_borealis.24388418.jpg,4,1,0,FALSE,2,5,A2G6V8JHHQOEUF,20248,66.37,2024/4/16,23:35:46,3ZC62PVYE0UKUWQP9HGQO966Q1RXXW,FALSE
14925125,Linnaea_borealis,9106027,319474,https://crowdcurio-experiment-images.s3.amazonaws.com/Linnaea_borealis/images/Linnaea_borealis.14925125.jpg,0,10,2,FALSE,2,6,A2G6V8JHHQOEUF,20248,167.96,2024/4/16,23:38:36,3ZC62PVYE0UKUWQP9HGQO966Q1RXXW,FALSE
15220593,Linnaea_borealis,9106286,319475,https://crowdcurio-experiment-images.s3.amazonaws.com/Linnaea_borealis/images/Linnaea_borealis.15220593.jpg,1,4,0,TRUE,2,7,A2G6V8JHHQOEUF,20248,68.81,2024/4/16,23:39:46,3ZC62PVYE0UKUWQP9HGQO966Q1RXXW,FALSE
16242126,Linnaea_borealis,9106722,319476,https://crowdcurio-experiment-images.s3.amazonaws.com/Linnaea_borealis/images/Linnaea_borealis.16242126.jpg,2,5,2,FALSE,2,8,A2G6V8JHHQOEUF,20248,111.06,2024/4/16,23:41:39,3ZC62PVYE0UKUWQP9HGQO966Q1RXXW,FALSE
29178607,Linnaea_borealis,9106902,319513,https://crowdcurio-experiment-images.s3.amazonaws.com/Linnaea_borealis/images/Linnaea_borealis.29178607.jpg,2,3,3,FALSE,2,9,A2G6V8JHHQOEUF,20248,47.63,2024/4/16,23:42:28,3ZC62PVYE0UKUWQP9HGQO966Q1RXXW,FALSE
27128415,Linnaea_borealis,9107153,319511,https://crowdcurio-experiment-images.s3.amazonaws.com/Linnaea_borealis/images/Linnaea_borealis.27128415.jpg,1,6,1,FALSE,2,10,A2G6V8JHHQOEUF,20248,62.35,2024/4/16,23:43:33,3ZC62PVYE0UKUWQP9HGQO966Q1RXXW,FALSE
13844305,Linnaea_borealis,9107974,319469,https://crowdcurio-experiment-images.s3.amazonaws.com/Linnaea_borealis/images/Linnaea_borealis.13844305.jpg,1,10,10,FALSE,3,1,A2G6V8JHHQOEUF,20248,200.04,2024/4/16,23:47:08,3ZC62PVYE0UKUWQP9HGQO966Q1RXXW,FALSE
8801568,Linnaea_borealis,9108103,319459,https://crowdcurio-experiment-images.s3.amazonaws.com/Linnaea_borealis/images/Linnaea_borealis.8801568.jpg,0,2,3,FALSE,3,2,A2G6V8JHHQOEUF,20248,32.82,2024/4/16,23:47:42,3ZC62PVYE0UKUWQP9HGQO966Q1RXXW,FALSE
13841733,Linnaea_borealis,9108495,319462,https://crowdcurio-experiment-images.s3.amazonaws.com/Linnaea_borealis/images/Linnaea_borealis.13841733.jpg,4,2,4,FALSE,3,3,A2G6V8JHHQOEUF,20248,112.45,2024/4/16,23:49:37,3ZC62PVYE0UKUWQP9HGQO966Q1RXXW,FALSE
13844365,Linnaea_borealis,9108581,319470,https://crowdcurio-experiment-images.s3.amazonaws.com/Linnaea_borealis/images/Linnaea_borealis.13844365.jpg,0,1,4,FALSE,3,4,A2G6V8JHHQOEUF,20248,37.8,2024/4/16,23:50:16,3ZC62PVYE0UKUWQP9HGQO966Q1RXXW,FALSE
13841732,Linnaea_borealis,9108744,319461,https://crowdcurio-experiment-images.s3.amazonaws.com/Linnaea_borealis/images/Linnaea_borealis.13841732.jpg,0,11,0,FALSE,3,5,A2G6V8JHHQOEUF,20248,56.57,2024/4/16,23:51:15,3ZC62PVYE0UKUWQP9HGQO966Q1RXXW,FALSE
14744169,Linnaea_borealis,9108884,319473,https://crowdcurio-experiment-images.s3.amazonaws.com/Linnaea_borealis/images/Linnaea_borealis.14744169.jpg,1,1,1,FALSE,3,6,A2G6V8JHHQOEUF,20248,48.98,2024/4/16,23:52:06,3ZC62PVYE0UKUWQP9HGQO966Q1RXXW,FALSE
13841732,Linnaea_borealis,9109122,319461,https://crowdcurio-experiment-images.s3.amazonaws.com/Linnaea_borealis/images/Linnaea_borealis.13841732.jpg,0,11,0,TRUE,3,7,A2G6V8JHHQOEUF,20248,68.07,2024/4/16,23:53:15,3ZC62PVYE0UKUWQP9HGQO966Q1RXXW,FALSE
6565764,Linnaea_borealis,9109064,319455,https://crowdcurio-experiment-images.s3.amazonaws.com/Linnaea_borealis/images/Linnaea_borealis.6565764.jpg,0,0,0,FALSE,1,1,AUUXC55YOFMBD,20993,103.98,2024/4/16,23:52:55,3ZC62PVYE0UKUWQP9HGQO966Q1RXXW,FALSE
6492673,Linnaea_borealis,9109118,319452,https://crowdcurio-experiment-images.s3.amazonaws.com/Linnaea_borealis/images/Linnaea_borealis.6492673.jpg,0,4,0,FALSE,1,2,AUUXC55YOFMBD,20993,16.6,2024/4/16,23:53:14,3ZC62PVYE0UKUWQP9HGQO966Q1RXXW,FALSE
14735919,Linnaea_borealis,9109295,319472,https://crowdcurio-experiment-images.s3.amazonaws.com/Linnaea_borealis/images/Linnaea_borealis.14735919.jpg,0,2,2,FALSE,3,8,A2G6V8JHHQOEUF,20248,57.11,2024/4/16,23:54:14,3ZC62PVYE0UKUWQP9HGQO966Q1RXXW,FALSE
6175551,Linnaea_borealis,9109239,319450,https://crowdcurio-experiment-images.s3.amazonaws.com/Linnaea_borealis/images/Linnaea_borealis.6175551.jpg,0,1,1,FALSE,1,3,AUUXC55YOFMBD,20993,38.72,2024/4/16,23:53:54,3ZC62PVYE0UKUWQP9HGQO966Q1RXXW,FALSE
11091655,Linnaea_borealis,9109333,319460,https://crowdcurio-experiment-images.s3.amazonaws.com/Linnaea_borealis/images/Linnaea_borealis.11091655.jpg,0,1,0,FALSE,3,9,A2G6V8JHHQOEUF,20248,16.59,2024/4/16,23:54:33,3ZC62PVYE0UKUWQP9HGQO966Q1RXXW,FALSE
6572125,Linnaea_borealis,9109464,319456,https://crowdcurio-experiment-images.s3.amazonaws.com/Linnaea_borealis/images/Linnaea_borealis.6572125.jpg,0,6,0,FALSE,1,4,AUUXC55YOFMBD,20993,79.95,2024/4/16,23:55:21,3ZC62PVYE0UKUWQP9HGQO966Q1RXXW,FALSE
14292009,Linnaea_borealis,9109699,319471,https://crowdcurio-experiment-images.s3.amazonaws.com/Linnaea_borealis/images/Linnaea_borealis.14292009.jpg,3,12,1,FALSE,3,10,A2G6V8JHHQOEUF,20248,114.3,2024/4/16,23:56:30,3ZC62PVYE0UKUWQP9HGQO966Q1RXXW,FALSE
6474653,Linnaea_borealis,9109613,319451,https://crowdcurio-experiment-images.s3.amazonaws.com/Linnaea_borealis/images/Linnaea_borealis.6474653.jpg,0,12,0,FALSE,1,5,AUUXC55YOFMBD,20993,42.53,2024/4/16,23:56:06,3ZC62PVYE0UKUWQP9HGQO966Q1RXXW,FALSE
6780983,Linnaea_borealis,9109689,319457,https://crowdcurio-experiment-images.s3.amazonaws.com/Linnaea_borealis/images/Linnaea_borealis.6780983.jpg,0,2,0,FALSE,1,6,AUUXC55YOFMBD,20993,18.99,2024/4/16,23:56:26,3ZC62PVYE0UKUWQP9HGQO966Q1RXXW,FALSE
6510356,Linnaea_borealis,9109804,319453,https://crowdcurio-experiment-images.s3.amazonaws.com/Linnaea_borealis/images/Linnaea_borealis.6510356.jpg,0,0,4,FALSE,1,7,AUUXC55YOFMBD,20993,29.45,2024/4/16,23:56:58,3ZC62PVYE0UKUWQP9HGQO966Q1RXXW,FALSE
6537778,Linnaea_borealis,9109993,319454,https://crowdcurio-experiment-images.s3.amazonaws.com/Linnaea_borealis/images/Linnaea_borealis.6537778.jpg,0,0,0,FALSE,1,8,AUUXC55YOFMBD,20993,35.89,2024/4/16,23:57:36,3ZC62PVYE0UKUWQP9HGQO966Q1RXXW,FALSE
8527324,Linnaea_borealis,9110230,319458,https://crowdcurio-experiment-images.s3.amazonaws.com/Linnaea_borealis/images/Linnaea_borealis.8527324.jpg,0,6,0,FALSE,1,9,AUUXC55YOFMBD,20993,64.87,2024/4/16,23:58:42,3ZC62PVYE0UKUWQP9HGQO966Q1RXXW,FALSE
6537778,Linnaea_borealis,9110272,319454,https://crowdcurio-experiment-images.s3.amazonaws.com/Linnaea_borealis/images/Linnaea_borealis.6537778.jpg,0,0,0,TRUE,1,10,AUUXC55YOFMBD,20993,9.03,2024/4/16,23:58:52,3ZC62PVYE0UKUWQP9HGQO966Q1RXXW,FALSE
6053972,Linnaea_borealis,9112965,319443,https://crowdcurio-experiment-images.s3.amazonaws.com/Linnaea_borealis/images/Linnaea_borealis.6053972.jpg,0,0,0,FALSE,1,6,AGVA11N4XBJQM,22625,25.7,2024/4/17,0:10:57,3ZC62PVYE0UKUWQP9HGQO966Q1RXXW,FALSE
6060192,Linnaea_borealis,9111981,319444,https://crowdcurio-experiment-images.s3.amazonaws.com/Linnaea_borealis/images/Linnaea_borealis.6060192.jpg,0,1,0,FALSE,1,1,A38UUB83BIPIUR,19792,10.53,2024/4/17,0:06:54,3ZC62PVYE0UKUWQP9HGQO966Q1RXXW,FALSE
4761725,Linnaea_borealis,9112021,319437,https://crowdcurio-experiment-images.s3.amazonaws.com/Linnaea_borealis/images/Linnaea_borealis.4761725.jpg,0,1,0,FALSE,1,2,A38UUB83BIPIUR,19792,7.24,2024/4/17,0:07:07,3ZC62PVYE0UKUWQP9HGQO966Q1RXXW,FALSE
4762830,Linnaea_borealis,9112069,319438,https://crowdcurio-experiment-images.s3.amazonaws.com/Linnaea_borealis/images/Linnaea_borealis.4762830.jpg,0,1,0,FALSE,1,3,A38UUB83BIPIUR,19792,5.32,2024/4/17,0:07:16,3ZC62PVYE0UKUWQP9HGQO966Q1RXXW,FALSE
16897732,Linnaea_borealis,9112113,319480,https://crowdcurio-experiment-images.s3.amazonaws.com/Linnaea_borealis/images/Linnaea_borealis.16897732.jpg,0,1,0,FALSE,1,4,A38UUB83BIPIUR,19792,9.61,2024/4/17,0:07:28,3ZC62PVYE0UKUWQP9HGQO966Q1RXXW,FALSE
4123230,Linnaea_borealis,9112153,319436,https://crowdcurio-experiment-images.s3.amazonaws.com/Linnaea_borealis/images/Linnaea_borealis.4123230.jpg,0,2,0,FALSE,1,5,A38UUB83BIPIUR,19792,9.9,2024/4/17,0:07:41,3ZC62PVYE0UKUWQP9HGQO966Q1RXXW,FALSE
25170420,Linnaea_borealis,9112589,319509,https://crowdcurio-experiment-images.s3.amazonaws.com/Linnaea_borealis/images/Linnaea_borealis.25170420.jpg,2,13,4,FALSE,1,1,A28L1K6D8QUCML,22784,138.74,2024/4/17,0:09:28,3ZC62PVYE0UKUWQP9HGQO966Q1RXXW,FALSE
4122485,Linnaea_borealis,9112199,319435,https://crowdcurio-experiment-images.s3.amazonaws.com/Linnaea_borealis/images/Linnaea_borealis.4122485.jpg,0,1,0,FALSE,1,6,A38UUB83BIPIUR,19792,8.87,2024/4/17,0:07:53,3ZC62PVYE0UKUWQP9HGQO966Q1RXXW,FALSE
6077801,Linnaea_borealis,9112249,319446,https://crowdcurio-experiment-images.s3.amazonaws.com/Linnaea_borealis/images/Linnaea_borealis.6077801.jpg,0,1,0,FALSE,1,7,A38UUB83BIPIUR,19792,9.83,2024/4/17,0:08:09,3ZC62PVYE0UKUWQP9HGQO966Q1RXXW,FALSE
6074217,Linnaea_borealis,9112311,319445,https://crowdcurio-experiment-images.s3.amazonaws.com/Linnaea_borealis/images/Linnaea_borealis.6074217.jpg,0,1,0,FALSE,1,8,A38UUB83BIPIUR,19792,10.22,2024/4/17,0:08:22,3ZC62PVYE0UKUWQP9HGQO966Q1RXXW,FALSE
6053972,Linnaea_borealis,9112356,319443,https://crowdcurio-experiment-images.s3.amazonaws.com/Linnaea_borealis/images/Linnaea_borealis.6053972.jpg,0,1,0,FALSE,1,9,A38UUB83BIPIUR,19792,7.56,2024/4/17,0:08:33,3ZC62PVYE0UKUWQP9HGQO966Q1RXXW,FALSE
4761725,Linnaea_borealis,9112421,319437,https://crowdcurio-experiment-images.s3.amazonaws.com/Linnaea_borealis/images/Linnaea_borealis.4761725.jpg,0,1,0,TRUE,1,10,A38UUB83BIPIUR,19792,9.49,2024/4/17,0:08:44,3ZC62PVYE0UKUWQP9HGQO966Q1RXXW,FALSE
3226778,Linnaea_borealis,9112497,319424,https://crowdcurio-experiment-images.s3.amazonaws.com/Linnaea_borealis/images/Linnaea_borealis.3226778.jpg,0,1,0,FALSE,2,1,A38UUB83BIPIUR,19792,8.28,2024/4/17,0:09:02,3ZC62PVYE0UKUWQP9HGQO966Q1RXXW,FALSE
24388401,Linnaea_borealis,9112534,319504,https://crowdcurio-experiment-images.s3.amazonaws.com/Linnaea_borealis/images/Linnaea_borealis.24388401.jpg,0,1,0,FALSE,2,2,A38UUB83BIPIUR,19792,8.48,2024/4/17,0:09:14,3ZC62PVYE0UKUWQP9HGQO966Q1RXXW,FALSE
21703523,Linnaea_borealis,9112577,319499,https://crowdcurio-experiment-images.s3.amazonaws.com/Linnaea_borealis/images/Linnaea_borealis.21703523.jpg,0,1,0,FALSE,2,3,A38UUB83BIPIUR,19792,7.26,2024/4/17,0:09:25,3ZC62PVYE0UKUWQP9HGQO966Q1RXXW,FALSE
6077801,Linnaea_borealis,9112672,319446,https://crowdcurio-experiment-images.s3.amazonaws.com/Linnaea_borealis/images/Linnaea_borealis.6077801.jpg,0,2,0,FALSE,1,1,AGVA11N4XBJQM,22625,37.4,2024/4/17,0:09:43,3ZC62PVYE0UKUWQP9HGQO966Q1RXXW,FALSE
3061005,Linnaea_borealis,9112661,319422,https://crowdcurio-experiment-images.s3.amazonaws.com/Linnaea_borealis/images/Linnaea_borealis.3061005.jpg,0,1,0,FALSE,2,4,A38UUB83BIPIUR,19792,13.36,2024/4/17,0:09:42,3ZC62PVYE0UKUWQP9HGQO966Q1RXXW,FALSE
3226778,Linnaea_borealis,9112705,319424,https://crowdcurio-experiment-images.s3.amazonaws.com/Linnaea_borealis/images/Linnaea_borealis.3226778.jpg,0,1,0,TRUE,2,5,A38UUB83BIPIUR,19792,8.4,2024/4/17,0:09:57,3ZC62PVYE0UKUWQP9HGQO966Q1RXXW,FALSE
6060192,Linnaea_borealis,9112755,319444,https://crowdcurio-experiment-images.s3.amazonaws.com/Linnaea_borealis/images/Linnaea_borealis.6060192.jpg,0,5,1,FALSE,1,2,AGVA11N4XBJQM,22625,21.11,2024/4/17,0:10:06,3ZC62PVYE0UKUWQP9HGQO966Q1RXXW,FALSE
6077801,Linnaea_borealis,9112820,319446,https://crowdcurio-experiment-images.s3.amazonaws.com/Linnaea_borealis/images/Linnaea_borealis.6077801.jpg,0,2,0,TRUE,1,3,AGVA11N4XBJQM,22625,23.39,2024/4/17,0:10:30,3ZC62PVYE0UKUWQP9HGQO966Q1RXXW,FALSE
28892263,Linnaea_borealis,9113055,319512,https://crowdcurio-experiment-images.s3.amazonaws.com/Linnaea_borealis/images/Linnaea_borealis.28892263.jpg,0,7,5,FALSE,1,2,A28L1K6D8QUCML,22784,105.68,2024/4/17,0:11:15,3ZC62PVYE0UKUWQP9HGQO966Q1RXXW,FALSE
2444057,Linnaea_borealis,9113098,319405,https://crowdcurio-experiment-images.s3.amazonaws.com/Linnaea_borealis/images/Linnaea_borealis.2444057.jpg,0,3,0,FALSE,1,5,AGVA11N4XBJQM,22625,26.04,2024/4/17,0:11:25,3ZC62PVYE0UKUWQP9HGQO966Q1RXXW,FALSE
2104120,Linnaea_borealis,9113276,319404,https://crowdcurio-experiment-images.s3.amazonaws.com/Linnaea_borealis/images/Linnaea_borealis.2104120.jpg,0,6,1,FALSE,1,6,AGVA11N4XBJQM,22625,37.6,2024/4/17,0:12:04,3ZC62PVYE0UKUWQP9HGQO966Q1RXXW,FALSE
25129338,Linnaea_borealis,9113545,319508,https://crowdcurio-experiment-images.s3.amazonaws.com/Linnaea_borealis/images/Linnaea_borealis.25129338.jpg,4,9,1,FALSE,1,3,A28L1K6D8QUCML,22784,108.38,2024/4/17,0:13:06,3ZC62PVYE0UKUWQP9HGQO966Q1RXXW,FALSE
24388400,Linnaea_borealis,9113267,319503,https://crowdcurio-experiment-images.s3.amazonaws.com/Linnaea_borealis/images/Linnaea_borealis.24388400.jpg,0,1,0,FALSE,2,6,A38UUB83BIPIUR,19792,122.25,2024/4/17,0:12:03,3ZC62PVYE0UKUWQP9HGQO966Q1RXXW,FALSE
21361927,Linnaea_borealis,9113318,319498,https://crowdcurio-experiment-images.s3.amazonaws.com/Linnaea_borealis/images/Linnaea_borealis.21361927.jpg,0,1,0,FALSE,2,7,A38UUB83BIPIUR,19792,7.92,2024/4/17,0:12:14,3ZC62PVYE0UKUWQP9HGQO966Q1RXXW,FALSE
22829467,Linnaea_borealis,9113397,319500,https://crowdcurio-experiment-images.s3.amazonaws.com/Linnaea_borealis/images/Linnaea_borealis.22829467.jpg,0,1,0,FALSE,2,8,A38UUB83BIPIUR,19792,15.57,2024/4/17,0:12:33,3ZC62PVYE0UKUWQP9HGQO966Q1RXXW,FALSE
24388398,Linnaea_borealis,9113445,319502,https://crowdcurio-experiment-images.s3.amazonaws.com/Linnaea_borealis/images/Linnaea_borealis.24388398.jpg,0,1,0,FALSE,2,9,A38UUB83BIPIUR,19792,8.56,2024/4/17,0:12:45,3ZC62PVYE0UKUWQP9HGQO966Q1RXXW,FALSE
24388397,Linnaea_borealis,9113553,319501,https://crowdcurio-experiment-images.s3.amazonaws.com/Linnaea_borealis/images/Linnaea_borealis.24388397.jpg,0,1,0,FALSE,2,10,A38UUB83BIPIUR,19792,19.3,2024/4/17,0:13:08,3ZC62PVYE0UKUWQP9HGQO966Q1RXXW,FALSE
6092611,Linnaea_borealis,9113567,319447,https://crowdcurio-experiment-images.s3.amazonaws.com/Linnaea_borealis/images/Linnaea_borealis.6092611.jpg,0,0,0,FALSE,1,7,AGVA11N4XBJQM,22625,68.58,2024/4/17,0:13:14,3ZC62PVYE0UKUWQP9HGQO966Q1RXXW,FALSE
6074217,Linnaea_borealis,9113668,319445,https://crowdcurio-experiment-images.s3.amazonaws.com/Linnaea_borealis/images/Linnaea_borealis.6074217.jpg,0,3,0,FALSE,1,8,AGVA11N4XBJQM,22625,42.04,2024/4/17,0:13:58,3ZC62PVYE0UKUWQP9HGQO966Q1RXXW,FALSE
6098197,Linnaea_borealis,9114003,319449,https://crowdcurio-experiment-images.s3.amazonaws.com/Linnaea_borealis/images/Linnaea_borealis.6098197.jpg,2,0,6,FALSE,1,4,A28L1K6D8QUCML,22784,161.1,2024/4/17,0:15:48,3ZC62PVYE0UKUWQP9HGQO966Q1RXXW,FALSE
21007602,Linnaea_borealis,9113685,319495,https://crowdcurio-experiment-images.s3.amazonaws.com/Linnaea_borealis/images/Linnaea_borealis.21007602.jpg,0,1,0,FALSE,3,1,A38UUB83BIPIUR,19792,48.06,2024/4/17,0:14:06,3ZC62PVYE0UKUWQP9HGQO966Q1RXXW,FALSE
6096154,Linnaea_borealis,9113818,319448,https://crowdcurio-experiment-images.s3.amazonaws.com/Linnaea_borealis/images/Linnaea_borealis.6096154.jpg,2,5,2,FALSE,1,9,AGVA11N4XBJQM,22625,46.47,2024/4/17,0:14:46,3ZC62PVYE0UKUWQP9HGQO966Q1RXXW,FALSE
20607365,Linnaea_borealis,9113725,319493,https://crowdcurio-experiment-images.s3.amazonaws.com/Linnaea_borealis/images/Linnaea_borealis.20607365.jpg,0,1,0,FALSE,3,2,A38UUB83BIPIUR,19792,7.92,2024/4/17,0:14:17,3ZC62PVYE0UKUWQP9HGQO966Q1RXXW,FALSE
21361911,Linnaea_borealis,9113765,319497,https://crowdcurio-experiment-images.s3.amazonaws.com/Linnaea_borealis/images/Linnaea_borealis.21361911.jpg,0,1,0,FALSE,3,3,A38UUB83BIPIUR,19792,5.84,2024/4/17,0:14:26,3ZC62PVYE0UKUWQP9HGQO966Q1RXXW,FALSE
20260186,Linnaea_borealis,9113791,319492,https://crowdcurio-experiment-images.s3.amazonaws.com/Linnaea_borealis/images/Linnaea_borealis.20260186.jpg,0,1,0,FALSE,3,4,A38UUB83BIPIUR,19792,5.13,2024/4/17,0:14:35,3ZC62PVYE0UKUWQP9HGQO966Q1RXXW,FALSE
20260177,Linnaea_borealis,9113825,319491,https://crowdcurio-experiment-images.s3.amazonaws.com/Linnaea_borealis/images/Linnaea_borealis.20260177.jpg,0,1,0,FALSE,3,5,A38UUB83BIPIUR,19792,10.1,2024/4/17,0:14:49,3ZC62PVYE0UKUWQP9HGQO966Q1RXXW,FALSE
19797356,Linnaea_borealis,9113855,319489,https://crowdcurio-experiment-images.s3.amazonaws.com/Linnaea_borealis/images/Linnaea_borealis.19797356.jpg,0,1,0,FALSE,3,6,A38UUB83BIPIUR,19792,7.67,2024/4/17,0:14:59,3ZC62PVYE0UKUWQP9HGQO966Q1RXXW,FALSE
21291452,Linnaea_borealis,9113895,319496,https://crowdcurio-experiment-images.s3.amazonaws.com/Linnaea_borealis/images/Linnaea_borealis.21291452.jpg,0,1,0,FALSE,3,7,A38UUB83BIPIUR,19792,9.86,2024/4/17,0:15:13,3ZC62PVYE0UKUWQP9HGQO966Q1RXXW,FALSE
20991060,Linnaea_borealis,9113940,319494,https://crowdcurio-experiment-images.s3.amazonaws.com/Linnaea_borealis/images/Linnaea_borealis.20991060.jpg,0,1,0,FALSE,3,8,A38UUB83BIPIUR,19792,8.52,2024/4/17,0:15:25,3ZC62PVYE0UKUWQP9HGQO966Q1RXXW,FALSE
19797356,Linnaea_borealis,9113966,319489,https://crowdcurio-experiment-images.s3.amazonaws.com/Linnaea_borealis/images/Linnaea_borealis.19797356.jpg,0,1,0,TRUE,3,9,A38UUB83BIPIUR,19792,9.52,2024/4/17,0:15:36,3ZC62PVYE0UKUWQP9HGQO966Q1RXXW,FALSE
6098197,Linnaea_borealis,9114117,319449,https://crowdcurio-experiment-images.s3.amazonaws.com/Linnaea_borealis/images/Linnaea_borealis.6098197.jpg,0,0,3,FALSE,1,10,AGVA11N4XBJQM,22625,101.81,2024/4/17,0:16:30,3ZC62PVYE0UKUWQP9HGQO966Q1RXXW,FALSE
19797357,Linnaea_borealis,9114028,319490,https://crowdcurio-experiment-images.s3.amazonaws.com/Linnaea_borealis/images/Linnaea_borealis.19797357.jpg,0,1,0,FALSE,3,10,A38UUB83BIPIUR,19792,18.05,2024/4/17,0:15:57,3ZC62PVYE0UKUWQP9HGQO966Q1RXXW,FALSE
28892263,Linnaea_borealis,9114208,319512,https://crowdcurio-experiment-images.s3.amazonaws.com/Linnaea_borealis/images/Linnaea_borealis.28892263.jpg,0,7,5,TRUE,1,5,A28L1K6D8QUCML,22784,61.9,2024/4/17,0:16:54,3ZC62PVYE0UKUWQP9HGQO966Q1RXXW,FALSE
19797355,Linnaea_borealis,9114071,319488,https://crowdcurio-experiment-images.s3.amazonaws.com/Linnaea_borealis/images/Linnaea_borealis.19797355.jpg,0,1,0,FALSE,4,1,A38UUB83BIPIUR,19792,6.03,2024/4/17,0:16:14,3ZC62PVYE0UKUWQP9HGQO966Q1RXXW,FALSE
19797353,Linnaea_borealis,9114101,319486,https://crowdcurio-experiment-images.s3.amazonaws.com/Linnaea_borealis/images/Linnaea_borealis.19797353.jpg,0,1,0,FALSE,4,2,A38UUB83BIPIUR,19792,6.26,2024/4/17,0:16:23,3ZC62PVYE0UKUWQP9HGQO966Q1RXXW,FALSE
16903406,Linnaea_borealis,9114128,319483,https://crowdcurio-experiment-images.s3.amazonaws.com/Linnaea_borealis/images/Linnaea_borealis.16903406.jpg,0,1,0,FALSE,4,3,A38UUB83BIPIUR,19792,5.47,2024/4/17,0:16:32,3ZC62PVYE0UKUWQP9HGQO966Q1RXXW,FALSE
16897731,Linnaea_borealis,9114170,319479,https://crowdcurio-experiment-images.s3.amazonaws.com/Linnaea_borealis/images/Linnaea_borealis.16897731.jpg,0,1,0,FALSE,4,4,A38UUB83BIPIUR,19792,8.74,2024/4/17,0:16:44,3ZC62PVYE0UKUWQP9HGQO966Q1RXXW,FALSE
16897733,Linnaea_borealis,9114220,319481,https://crowdcurio-experiment-images.s3.amazonaws.com/Linnaea_borealis/images/Linnaea_borealis.16897733.jpg,0,1,0,FALSE,4,5,A38UUB83BIPIUR,19792,7.14,2024/4/17,0:16:55,3ZC62PVYE0UKUWQP9HGQO966Q1RXXW,FALSE
13843928,Linnaea_borealis,9114526,319465,https://crowdcurio-experiment-images.s3.amazonaws.com/Linnaea_borealis/images/Linnaea_borealis.13843928.jpg,0,16,1,FALSE,2,1,AGVA11N4XBJQM,22625,93.72,2024/4/17,0:18:15,3ZC62PVYE0UKUWQP9HGQO966Q1RXXW,FALSE
16903406,Linnaea_borealis,9114284,319483,https://crowdcurio-experiment-images.s3.amazonaws.com/Linnaea_borealis/images/Linnaea_borealis.16903406.jpg,0,1,0,TRUE,4,6,A38UUB83BIPIUR,19792,14.6,2024/4/17,0:17:10,3ZC62PVYE0UKUWQP9HGQO966Q1RXXW,FALSE
19797354,Linnaea_borealis,9114336,319487,https://crowdcurio-experiment-images.s3.amazonaws.com/Linnaea_borealis/images/Linnaea_borealis.19797354.jpg,0,1,0,FALSE,4,7,A38UUB83BIPIUR,19792,7.96,2024/4/17,0:17:21,3ZC62PVYE0UKUWQP9HGQO966Q1RXXW,FALSE
3046461,Linnaea_borealis,9114400,319411,https://crowdcurio-experiment-images.s3.amazonaws.com/Linnaea_borealis/images/Linnaea_borealis.3046461.jpg,0,1,0,FALSE,1,6,A28L1K6D8QUCML,22784,40.11,2024/4/17,0:17:36,3ZC62PVYE0UKUWQP9HGQO966Q1RXXW,FALSE
17049313,Linnaea_borealis,9114384,319485,https://crowdcurio-experiment-images.s3.amazonaws.com/Linnaea_borealis/images/Linnaea_borealis.17049313.jpg,0,1,0,FALSE,4,8,A38UUB83BIPIUR,19792,6.79,2024/4/17,0:17:32,3ZC62PVYE0UKUWQP9HGQO966Q1RXXW,FALSE
16897734,Linnaea_borealis,9114427,319482,https://crowdcurio-experiment-images.s3.amazonaws.com/Linnaea_borealis/images/Linnaea_borealis.16897734.jpg,0,1,0,FALSE,4,9,A38UUB83BIPIUR,19792,7.7,2024/4/17,0:17:42,3ZC62PVYE0UKUWQP9HGQO966Q1RXXW,FALSE
26934995,Linnaea_borealis,9114503,319510,https://crowdcurio-experiment-images.s3.amazonaws.com/Linnaea_borealis/images/Linnaea_borealis.26934995.jpg,0,8,0,FALSE,1,7,A28L1K6D8QUCML,22784,30.64,2024/4/17,0:18:08,3ZC62PVYE0UKUWQP9HGQO966Q1RXXW,FALSE
16904915,Linnaea_borealis,9114470,319484,https://crowdcurio-experiment-images.s3.amazonaws.com/Linnaea_borealis/images/Linnaea_borealis.16904915.jpg,0,1,0,FALSE,4,10,A38UUB83BIPIUR,19792,9.56,2024/4/17,0:17:55,3ZC62PVYE0UKUWQP9HGQO966Q1RXXW,FALSE
4110939,Linnaea_borealis,9114520,319433,https://crowdcurio-experiment-images.s3.amazonaws.com/Linnaea_borealis/images/Linnaea_borealis.4110939.jpg,0,1,0,FALSE,5,1,A38UUB83BIPIUR,19792,6.8,2024/4/17,0:18:12,3ZC62PVYE0UKUWQP9HGQO966Q1RXXW,FALSE
4028531,Linnaea_borealis,9114557,319431,https://crowdcurio-experiment-images.s3.amazonaws.com/Linnaea_borealis/images/Linnaea_borealis.4028531.jpg,0,2,0,FALSE,5,2,A38UUB83BIPIUR,19792,9.16,2024/4/17,0:18:24,3ZC62PVYE0UKUWQP9HGQO966Q1RXXW,FALSE
6043185,Linnaea_borealis,9114808,319442,https://crowdcurio-experiment-images.s3.amazonaws.com/Linnaea_borealis/images/Linnaea_borealis.6043185.jpg,0,2,1,FALSE,2,2,AGVA11N4XBJQM,22625,77.07,2024/4/17,0:19:38,3ZC62PVYE0UKUWQP9HGQO966Q1RXXW,FALSE
6092611,Linnaea_borealis,9114812,319447,https://crowdcurio-experiment-images.s3.amazonaws.com/Linnaea_borealis/images/Linnaea_borealis.6092611.jpg,0,0,2,FALSE,1,8,A28L1K6D8QUCML,22784,88.82,2024/4/17,0:19:38,3ZC62PVYE0UKUWQP9HGQO966Q1RXXW,FALSE
3385811,Linnaea_borealis,9114594,319429,https://crowdcurio-experiment-images.s3.amazonaws.com/Linnaea_borealis/images/Linnaea_borealis.3385811.jpg,0,1,0,FALSE,5,3,A38UUB83BIPIUR,19792,9.09,2024/4/17,0:18:37,3ZC62PVYE0UKUWQP9HGQO966Q1RXXW,FALSE
3288032,Linnaea_borealis,9114654,319428,https://crowdcurio-experiment-images.s3.amazonaws.com/Linnaea_borealis/images/Linnaea_borealis.3288032.jpg,0,1,0,FALSE,5,4,A38UUB83BIPIUR,19792,13.09,2024/4/17,0:18:53,3ZC62PVYE0UKUWQP9HGQO966Q1RXXW,FALSE
4049940,Linnaea_borealis,9114686,319432,https://crowdcurio-experiment-images.s3.amazonaws.com/Linnaea_borealis/images/Linnaea_borealis.4049940.jpg,0,1,0,FALSE,5,5,A38UUB83BIPIUR,19792,7.82,2024/4/17,0:19:04,3ZC62PVYE0UKUWQP9HGQO966Q1RXXW,FALSE
3288032,Linnaea_borealis,9114730,319428,https://crowdcurio-experiment-images.s3.amazonaws.com/Linnaea_borealis/images/Linnaea_borealis.3288032.jpg,0,1,0,TRUE,5,6,A38UUB83BIPIUR,19792,13.11,2024/4/17,0:19:18,3ZC62PVYE0UKUWQP9HGQO966Q1RXXW,FALSE
4028530,Linnaea_borealis,9114760,319430,https://crowdcurio-experiment-images.s3.amazonaws.com/Linnaea_borealis/images/Linnaea_borealis.4028530.jpg,0,1,0,FALSE,5,7,A38UUB83BIPIUR,19792,6.21,2024/4/17,0:19:27,3ZC62PVYE0UKUWQP9HGQO966Q1RXXW,FALSE
4121239,Linnaea_borealis,9114802,319434,https://crowdcurio-experiment-images.s3.amazonaws.com/Linnaea_borealis/images/Linnaea_borealis.4121239.jpg,0,1,0,FALSE,5,8,A38UUB83BIPIUR,19792,5.99,2024/4/17,0:19:37,3ZC62PVYE0UKUWQP9HGQO966Q1RXXW,FALSE
6040307,Linnaea_borealis,9114978,319441,https://crowdcurio-experiment-images.s3.amazonaws.com/Linnaea_borealis/images/Linnaea_borealis.6040307.jpg,0,4,0,FALSE,2,3,AGVA11N4XBJQM,22625,31.22,2024/4/17,0:20:12,3ZC62PVYE0UKUWQP9HGQO966Q1RXXW,FALSE
6038881,Linnaea_borealis,9114860,319440,https://crowdcurio-experiment-images.s3.amazonaws.com/Linnaea_borealis/images/Linnaea_borealis.6038881.jpg,0,1,0,FALSE,5,9,A38UUB83BIPIUR,19792,8.15,2024/4/17,0:19:48,3ZC62PVYE0UKUWQP9HGQO966Q1RXXW,FALSE
6096154,Linnaea_borealis,9115112,319448,https://crowdcurio-experiment-images.s3.amazonaws.com/Linnaea_borealis/images/Linnaea_borealis.6096154.jpg,2,15,2,FALSE,1,9,A28L1K6D8QUCML,22784,75.49,2024/4/17,0:20:55,3ZC62PVYE0UKUWQP9HGQO966Q1RXXW,FALSE
4762936,Linnaea_borealis,9114923,319439,https://crowdcurio-experiment-images.s3.amazonaws.com/Linnaea_borealis/images/Linnaea_borealis.4762936.jpg,0,1,0,FALSE,5,10,A38UUB83BIPIUR,19792,6.78,2024/4/17,0:19:58,3ZC62PVYE0UKUWQP9HGQO966Q1RXXW,FALSE
3053218,Linnaea_borealis,9114998,319419,https://crowdcurio-experiment-images.s3.amazonaws.com/Linnaea_borealis/images/Linnaea_borealis.3053218.jpg,0,1,0,FALSE,6,1,A38UUB83BIPIUR,19792,7.66,2024/4/17,0:20:17,3ZC62PVYE0UKUWQP9HGQO966Q1RXXW,FALSE
16897730,Linnaea_borealis,9115071,319478,https://crowdcurio-experiment-images.s3.amazonaws.com/Linnaea_borealis/images/Linnaea_borealis.16897730.jpg,0,2,0,FALSE,2,4,AGVA11N4XBJQM,22625,23.6,2024/4/17,0:20:38,3ZC62PVYE0UKUWQP9HGQO966Q1RXXW,FALSE
3234274,Linnaea_borealis,9115044,319427,https://crowdcurio-experiment-images.s3.amazonaws.com/Linnaea_borealis/images/Linnaea_borealis.3234274.jpg,0,1,0,FALSE,6,2,A38UUB83BIPIUR,19792,6.61,2024/4/17,0:20:27,3ZC62PVYE0UKUWQP9HGQO966Q1RXXW,FALSE
3061004,Linnaea_borealis,9115078,319421,https://crowdcurio-experiment-images.s3.amazonaws.com/Linnaea_borealis/images/Linnaea_borealis.3061004.jpg,0,1,0,FALSE,6,3,A38UUB83BIPIUR,19792,9.67,2024/4/17,0:20:40,3ZC62PVYE0UKUWQP9HGQO966Q1RXXW,FALSE
13844071,Linnaea_borealis,9115125,319466,https://crowdcurio-experiment-images.s3.amazonaws.com/Linnaea_borealis/images/Linnaea_borealis.13844071.jpg,0,2,0,FALSE,2,5,AGVA11N4XBJQM,22625,19.18,2024/4/17,0:21:00,3ZC62PVYE0UKUWQP9HGQO966Q1RXXW,FALSE
3053218,Linnaea_borealis,9115116,319419,https://crowdcurio-experiment-images.s3.amazonaws.com/Linnaea_borealis/images/Linnaea_borealis.3053218.jpg,0,1,0,TRUE,6,4,A38UUB83BIPIUR,19792,15.24,2024/4/17,0:20:56,3ZC62PVYE0UKUWQP9HGQO966Q1RXXW,FALSE
3233065,Linnaea_borealis,9115147,319426,https://crowdcurio-experiment-images.s3.amazonaws.com/Linnaea_borealis/images/Linnaea_borealis.3233065.jpg,0,1,0,FALSE,6,5,A38UUB83BIPIUR,19792,7.13,2024/4/17,0:21:07,3ZC62PVYE0UKUWQP9HGQO966Q1RXXW,FALSE
274342,Linnaea_borealis,9115237,319403,https://crowdcurio-experiment-images.s3.amazonaws.com/Linnaea_borealis/images/Linnaea_borealis.274342.jpg,1,0,0,FALSE,1,10,A28L1K6D8QUCML,22784,37.91,2024/4/17,0:21:34,3ZC62PVYE0UKUWQP9HGQO966Q1RXXW,FALSE
3061003,Linnaea_borealis,9115176,319420,https://crowdcurio-experiment-images.s3.amazonaws.com/Linnaea_borealis/images/Linnaea_borealis.3061003.jpg,0,1,0,FALSE,6,6,A38UUB83BIPIUR,19792,7.67,2024/4/17,0:21:18,3ZC62PVYE0UKUWQP9HGQO966Q1RXXW,FALSE
6043185,Linnaea_borealis,9115402,319442,https://crowdcurio-experiment-images.s3.amazonaws.com/Linnaea_borealis/images/Linnaea_borealis.6043185.jpg,0,2,4,TRUE,2,6,AGVA11N4XBJQM,22625,88.68,2024/4/17,0:22:30,3ZC62PVYE0UKUWQP9HGQO966Q1RXXW,FALSE
3225969,Linnaea_borealis,9115216,319423,https://crowdcurio-experiment-images.s3.amazonaws.com/Linnaea_borealis/images/Linnaea_borealis.3225969.jpg,0,1,0,FALSE,6,7,A38UUB83BIPIUR,19792,7.62,2024/4/17,0:21:29,3ZC62PVYE0UKUWQP9HGQO966Q1RXXW,FALSE
3053216,Linnaea_borealis,9115260,319417,https://crowdcurio-experiment-images.s3.amazonaws.com/Linnaea_borealis/images/Linnaea_borealis.3053216.jpg,0,1,0,FALSE,6,8,A38UUB83BIPIUR,19792,8.29,2024/4/17,0:21:40,3ZC62PVYE0UKUWQP9HGQO966Q1RXXW,FALSE
3053217,Linnaea_borealis,9115301,319418,https://crowdcurio-experiment-images.s3.amazonaws.com/Linnaea_borealis/images/Linnaea_borealis.3053217.jpg,0,1,0,FALSE,6,9,A38UUB83BIPIUR,19792,8.27,2024/4/17,0:21:52,3ZC62PVYE0UKUWQP9HGQO966Q1RXXW,FALSE
3233064,Linnaea_borealis,9115326,319425,https://crowdcurio-experiment-images.s3.amazonaws.com/Linnaea_borealis/images/Linnaea_borealis.3233064.jpg,0,1,0,FALSE,6,10,A38UUB83BIPIUR,19792,6.99,2024/4/17,0:22:02,3ZC62PVYE0UKUWQP9HGQO966Q1RXXW,FALSE
3051208,Linnaea_borealis,9115430,319414,https://crowdcurio-experiment-images.s3.amazonaws.com/Linnaea_borealis/images/Linnaea_borealis.3051208.jpg,1,4,0,FALSE,2,1,A28L1K6D8QUCML,22784,46.68,2024/4/17,0:22:38,3ZC62PVYE0UKUWQP9HGQO966Q1RXXW,FALSE
24388417,Linnaea_borealis,9115382,319506,https://crowdcurio-experiment-images.s3.amazonaws.com/Linnaea_borealis/images/Linnaea_borealis.24388417.jpg,0,1,0,FALSE,7,1,A38UUB83BIPIUR,19792,10.41,2024/4/17,0:22:23,3ZC62PVYE0UKUWQP9HGQO966Q1RXXW,FALSE
15220593,Linnaea_borealis,9115413,319475,https://crowdcurio-experiment-images.s3.amazonaws.com/Linnaea_borealis/images/Linnaea_borealis.15220593.jpg,0,1,0,FALSE,7,2,A38UUB83BIPIUR,19792,9.89,2024/4/17,0:22:36,3ZC62PVYE0UKUWQP9HGQO966Q1RXXW,FALSE
16242126,Linnaea_borealis,9115459,319476,https://crowdcurio-experiment-images.s3.amazonaws.com/Linnaea_borealis/images/Linnaea_borealis.16242126.jpg,0,1,0,FALSE,7,3,A38UUB83BIPIUR,19792,8.71,2024/4/17,0:22:49,3ZC62PVYE0UKUWQP9HGQO966Q1RXXW,FALSE
13844100,Linnaea_borealis,9115539,319467,https://crowdcurio-experiment-images.s3.amazonaws.com/Linnaea_borealis/images/Linnaea_borealis.13844100.jpg,1,4,0,FALSE,2,7,AGVA11N4XBJQM,22625,40.12,2024/4/17,0:23:13,3ZC62PVYE0UKUWQP9HGQO966Q1RXXW,FALSE
27128415,Linnaea_borealis,9115507,319511,https://crowdcurio-experiment-images.s3.amazonaws.com/Linnaea_borealis/images/Linnaea_borealis.27128415.jpg,0,1,0,FALSE,7,4,A38UUB83BIPIUR,19792,8.23,2024/4/17,0:23:01,3ZC62PVYE0UKUWQP9HGQO966Q1RXXW,FALSE
29178607,Linnaea_borealis,9115548,319513,https://crowdcurio-experiment-images.s3.amazonaws.com/Linnaea_borealis/images/Linnaea_borealis.29178607.jpg,0,1,0,FALSE,7,5,A38UUB83BIPIUR,19792,11.82,2024/4/17,0:23:16,3ZC62PVYE0UKUWQP9HGQO966Q1RXXW,FALSE
16897179,Linnaea_borealis,9115589,319477,https://crowdcurio-experiment-images.s3.amazonaws.com/Linnaea_borealis/images/Linnaea_borealis.16897179.jpg,0,1,0,FALSE,7,6,A38UUB83BIPIUR,19792,8.77,2024/4/17,0:23:28,3ZC62PVYE0UKUWQP9HGQO966Q1RXXW,FALSE
24388415,Linnaea_borealis,9115645,319505,https://crowdcurio-experiment-images.s3.amazonaws.com/Linnaea_borealis/images/Linnaea_borealis.24388415.jpg,0,2,0,FALSE,7,7,A38UUB83BIPIUR,19792,11.38,2024/4/17,0:23:44,3ZC62PVYE0UKUWQP9HGQO966Q1RXXW,FALSE
13843574,Linnaea_borealis,9115750,319463,https://crowdcurio-experiment-images.s3.amazonaws.com/Linnaea_borealis/images/Linnaea_borealis.13843574.jpg,1,1,2,FALSE,2,8,AGVA11N4XBJQM,22625,53.43,2024/4/17,0:24:09,3ZC62PVYE0UKUWQP9HGQO966Q1RXXW,FALSE
15220593,Linnaea_borealis,9115734,319475,https://crowdcurio-experiment-images.s3.amazonaws.com/Linnaea_borealis/images/Linnaea_borealis.15220593.jpg,0,1,0,TRUE,7,8,A38UUB83BIPIUR,19792,20.84,2024/4/17,0:24:06,3ZC62PVYE0UKUWQP9HGQO966Q1RXXW,FALSE
13843661,Linnaea_borealis,9115946,319464,https://crowdcurio-experiment-images.s3.amazonaws.com/Linnaea_borealis/images/Linnaea_borealis.13843661.jpg,1,5,0,FALSE,2,9,AGVA11N4XBJQM,22625,57.66,2024/4/17,0:25:10,3ZC62PVYE0UKUWQP9HGQO966Q1RXXW,FALSE
14925125,Linnaea_borealis,9115791,319474,https://crowdcurio-experiment-images.s3.amazonaws.com/Linnaea_borealis/images/Linnaea_borealis.14925125.jpg,0,1,0,FALSE,7,9,A38UUB83BIPIUR,19792,9.04,2024/4/17,0:24:18,3ZC62PVYE0UKUWQP9HGQO966Q1RXXW,FALSE
24388418,Linnaea_borealis,9115830,319507,https://crowdcurio-experiment-images.s3.amazonaws.com/Linnaea_borealis/images/Linnaea_borealis.24388418.jpg,0,1,0,FALSE,7,10,A38UUB83BIPIUR,19792,8.28,2024/4/17,0:24:29,3ZC62PVYE0UKUWQP9HGQO966Q1RXXW,FALSE
14292009,Linnaea_borealis,9115901,319471,https://crowdcurio-experiment-images.s3.amazonaws.com/Linnaea_borealis/images/Linnaea_borealis.14292009.jpg,0,1,0,FALSE,8,1,A38UUB83BIPIUR,19792,10.52,2024/4/17,0:24:51,3ZC62PVYE0UKUWQP9HGQO966Q1RXXW,FALSE
13841732,Linnaea_borealis,9115938,319461,https://crowdcurio-experiment-images.s3.amazonaws.com/Linnaea_borealis/images/Linnaea_borealis.13841732.jpg,0,1,0,FALSE,8,2,A38UUB83BIPIUR,19792,7.46,2024/4/17,0:25:02,3ZC62PVYE0UKUWQP9HGQO966Q1RXXW,FALSE
13844365,Linnaea_borealis,9116008,319470,https://crowdcurio-experiment-images.s3.amazonaws.com/Linnaea_borealis/images/Linnaea_borealis.13844365.jpg,0,1,0,FALSE,8,3,A38UUB83BIPIUR,19792,18.34,2024/4/17,0:25:23,3ZC62PVYE0UKUWQP9HGQO966Q1RXXW,FALSE
11091655,Linnaea_borealis,9116039,319460,https://crowdcurio-experiment-images.s3.amazonaws.com/Linnaea_borealis/images/Linnaea_borealis.11091655.jpg,0,1,0,FALSE,8,4,A38UUB83BIPIUR,19792,7.68,2024/4/17,0:25:34,3ZC62PVYE0UKUWQP9HGQO966Q1RXXW,FALSE
13844168,Linnaea_borealis,9116493,319468,https://crowdcurio-experiment-images.s3.amazonaws.com/Linnaea_borealis/images/Linnaea_borealis.13844168.jpg,0,0,5,FALSE,2,10,AGVA11N4XBJQM,22625,153.22,2024/4/17,0:27:50,3ZC62PVYE0UKUWQP9HGQO966Q1RXXW,FALSE
13844305,Linnaea_borealis,9116075,319469,https://crowdcurio-experiment-images.s3.amazonaws.com/Linnaea_borealis/images/Linnaea_borealis.13844305.jpg,0,1,0,FALSE,8,5,A38UUB83BIPIUR,19792,8.64,2024/4/17,0:25:46,3ZC62PVYE0UKUWQP9HGQO966Q1RXXW,FALSE
14744169,Linnaea_borealis,9116104,319473,https://crowdcurio-experiment-images.s3.amazonaws.com/Linnaea_borealis/images/Linnaea_borealis.14744169.jpg,0,2,0,FALSE,8,6,A38UUB83BIPIUR,19792,8.79,2024/4/17,0:25:57,3ZC62PVYE0UKUWQP9HGQO966Q1RXXW,FALSE
13841733,Linnaea_borealis,9116152,319462,https://crowdcurio-experiment-images.s3.amazonaws.com/Linnaea_borealis/images/Linnaea_borealis.13841733.jpg,0,1,0,FALSE,8,7,A38UUB83BIPIUR,19792,11.44,2024/4/17,0:26:12,3ZC62PVYE0UKUWQP9HGQO966Q1RXXW,FALSE
14735919,Linnaea_borealis,9116197,319472,https://crowdcurio-experiment-images.s3.amazonaws.com/Linnaea_borealis/images/Linnaea_borealis.14735919.jpg,0,1,0,FALSE,8,8,A38UUB83BIPIUR,19792,10.21,2024/4/17,0:26:26,3ZC62PVYE0UKUWQP9HGQO966Q1RXXW,FALSE
8801568,Linnaea_borealis,9116239,319459,https://crowdcurio-experiment-images.s3.amazonaws.com/Linnaea_borealis/images/Linnaea_borealis.8801568.jpg,0,1,0,FALSE,8,9,A38UUB83BIPIUR,19792,9.34,2024/4/17,0:26:41,3ZC62PVYE0UKUWQP9HGQO966Q1RXXW,FALSE
13844365,Linnaea_borealis,9116281,319470,https://crowdcurio-experiment-images.s3.amazonaws.com/Linnaea_borealis/images/Linnaea_borealis.13844365.jpg,0,1,0,TRUE,8,10,A38UUB83BIPIUR,19792,6.84,2024/4/17,0:26:51,3ZC62PVYE0UKUWQP9HGQO966Q1RXXW,FALSE
2104120,Linnaea_borealis,9134658,319404,https://crowdcurio-experiment-images.s3.amazonaws.com/Linnaea_borealis/images/Linnaea_borealis.2104120.jpg,0,7,0,FALSE,1,1,A1P8WF9NKBNV5R,22816,95.2,2024/4/17,1:40:35,3ZC62PVYE0UKUWQP9HGQO966Q1RXXW,FALSE
28892263,Linnaea_borealis,9134918,319512,https://crowdcurio-experiment-images.s3.amazonaws.com/Linnaea_borealis/images/Linnaea_borealis.28892263.jpg,4,7,0,FALSE,1,2,A1P8WF9NKBNV5R,22816,62.61,2024/4/17,1:41:44,3ZC62PVYE0UKUWQP9HGQO966Q1RXXW,FALSE
2444057,Linnaea_borealis,9135118,319405,https://crowdcurio-experiment-images.s3.amazonaws.com/Linnaea_borealis/images/Linnaea_borealis.2444057.jpg,0,3,0,FALSE,1,3,A1P8WF9NKBNV5R,22816,43.8,2024/4/17,1:42:30,3ZC62PVYE0UKUWQP9HGQO966Q1RXXW,FALSE
25129338,Linnaea_borealis,9135439,319508,https://crowdcurio-experiment-images.s3.amazonaws.com/Linnaea_borealis/images/Linnaea_borealis.25129338.jpg,2,10,0,FALSE,1,4,A1P8WF9NKBNV5R,22816,78.88,2024/4/17,1:43:50,3ZC62PVYE0UKUWQP9HGQO966Q1RXXW,FALSE
274342,Linnaea_borealis,9135584,319403,https://crowdcurio-experiment-images.s3.amazonaws.com/Linnaea_borealis/images/Linnaea_borealis.274342.jpg,0,2,0,FALSE,1,5,A1P8WF9NKBNV5R,22816,38.62,2024/4/17,1:44:30,3ZC62PVYE0UKUWQP9HGQO966Q1RXXW,FALSE
25170420,Linnaea_borealis,9135880,319509,https://crowdcurio-experiment-images.s3.amazonaws.com/Linnaea_borealis/images/Linnaea_borealis.25170420.jpg,7,12,0,FALSE,1,6,A1P8WF9NKBNV5R,22816,66.63,2024/4/17,1:45:38,3ZC62PVYE0UKUWQP9HGQO966Q1RXXW,FALSE
26934995,Linnaea_borealis,9136102,319510,https://crowdcurio-experiment-images.s3.amazonaws.com/Linnaea_borealis/images/Linnaea_borealis.26934995.jpg,0,8,0,FALSE,1,7,A1P8WF9NKBNV5R,22816,48.04,2024/4/17,1:46:28,3ZC62PVYE0UKUWQP9HGQO966Q1RXXW,FALSE
25170420,Linnaea_borealis,9136416,319509,https://crowdcurio-experiment-images.s3.amazonaws.com/Linnaea_borealis/images/Linnaea_borealis.25170420.jpg,0,12,7,TRUE,1,8,A1P8WF9NKBNV5R,22816,59.58,2024/4/17,1:47:28,3ZC62PVYE0UKUWQP9HGQO966Q1RXXW,FALSE
3041297,Linnaea_borealis,9136687,319408,https://crowdcurio-experiment-images.s3.amazonaws.com/Linnaea_borealis/images/Linnaea_borealis.3041297.jpg,0,8,2,FALSE,1,9,A1P8WF9NKBNV5R,22816,54.57,2024/4/17,1:48:24,3ZC62PVYE0UKUWQP9HGQO966Q1RXXW,FALSE
3046461,Linnaea_borealis,9136906,319411,https://crowdcurio-experiment-images.s3.amazonaws.com/Linnaea_borealis/images/Linnaea_borealis.3046461.jpg,0,1,0,FALSE,1,10,A1P8WF9NKBNV5R,22816,56.14,2024/4/17,1:49:21,3ZC62PVYE0UKUWQP9HGQO966Q1RXXW,FALSE
3039936,Linnaea_borealis,9179596,319407,https://crowdcurio-experiment-images.s3.amazonaws.com/Linnaea_borealis/images/Linnaea_borealis.3039936.jpg,0,3,1,FALSE,1,1,AG7FXKXIGCM0A,21239,181.43,2024/4/17,4:36:29,3ZC62PVYE0UKUWQP9HGQO966Q1RXXW,FALSE
3028027,Linnaea_borealis,9180205,319406,https://crowdcurio-experiment-images.s3.amazonaws.com/Linnaea_borealis/images/Linnaea_borealis.3028027.jpg,2,4,4,FALSE,1,2,AG7FXKXIGCM0A,21239,78.27,2024/4/17,4:37:50,3ZC62PVYE0UKUWQP9HGQO966Q1RXXW,FALSE
3042012,Linnaea_borealis,9181110,319409,https://crowdcurio-experiment-images.s3.amazonaws.com/Linnaea_borealis/images/Linnaea_borealis.3042012.jpg,2,10,0,FALSE,1,3,AG7FXKXIGCM0A,21239,127.32,2024/4/17,4:39:59,3ZC62PVYE0UKUWQP9HGQO966Q1RXXW,FALSE
3051208,Linnaea_borealis,9181330,319414,https://crowdcurio-experiment-images.s3.amazonaws.com/Linnaea_borealis/images/Linnaea_borealis.3051208.jpg,0,4,0,FALSE,1,4,AG7FXKXIGCM0A,21239,30.15,2024/4/17,4:40:31,3ZC62PVYE0UKUWQP9HGQO966Q1RXXW,FALSE
3053215,Linnaea_borealis,9181921,319416,https://crowdcurio-experiment-images.s3.amazonaws.com/Linnaea_borealis/images/Linnaea_borealis.3053215.jpg,2,10,1,FALSE,1,5,AG7FXKXIGCM0A,21239,75.24,2024/4/17,4:41:48,3ZC62PVYE0UKUWQP9HGQO966Q1RXXW,FALSE
3051208,Linnaea_borealis,9182159,319414,https://crowdcurio-experiment-images.s3.amazonaws.com/Linnaea_borealis/images/Linnaea_borealis.3051208.jpg,0,4,0,TRUE,1,6,AG7FXKXIGCM0A,21239,24.45,2024/4/17,4:42:17,3ZC62PVYE0UKUWQP9HGQO966Q1RXXW,FALSE
3051209,Linnaea_borealis,9182980,319415,https://crowdcurio-experiment-images.s3.amazonaws.com/Linnaea_borealis/images/Linnaea_borealis.3051209.jpg,0,6,3,FALSE,1,7,AG7FXKXIGCM0A,21239,93.52,2024/4/17,4:43:55,3ZC62PVYE0UKUWQP9HGQO966Q1RXXW,FALSE
3048947,Linnaea_borealis,9183710,319413,https://crowdcurio-experiment-images.s3.amazonaws.com/Linnaea_borealis/images/Linnaea_borealis.3048947.jpg,9,0,6,FALSE,1,8,AG7FXKXIGCM0A,21239,102.13,2024/4/17,4:45:39,3ZC62PVYE0UKUWQP9HGQO966Q1RXXW,FALSE
3048069,Linnaea_borealis,9184059,319412,https://crowdcurio-experiment-images.s3.amazonaws.com/Linnaea_borealis/images/Linnaea_borealis.3048069.jpg,0,6,0,FALSE,1,9,AG7FXKXIGCM0A,21239,54.82,2024/4/17,4:46:35,3ZC62PVYE0UKUWQP9HGQO966Q1RXXW,FALSE
3045660,Linnaea_borealis,9184514,319410,https://crowdcurio-experiment-images.s3.amazonaws.com/Linnaea_borealis/images/Linnaea_borealis.3045660.jpg,0,6,0,FALSE,1,10,AG7FXKXIGCM0A,21239,78.05,2024/4/17,4:47:55,3ZC62PVYE0UKUWQP9HGQO966Q1RXXW,FALSE
