coreID,species,annotation-ID,image-ID,image-URL,username,user-ID,is-duplicated,x,y,label,date,time,hit-id,is-test
N.A.,Lilium_philadelphicum,9023448,319394,https://crowdcurio-experiment-images.s3.amazonaws.com/Lilium_philadelphicum/images/Lilium_philadelphicum.16901461.jpg,A3EPXUXQW7T8BL,18918,False,940,774,flower,2024-04-16,19:04:30,3CZH926SJVYKQUBYU1OT39O1H0C4EG,False
N.A.,Lilium_philadelphicum,9023542,319397,https://crowdcurio-experiment-images.s3.amazonaws.com/Lilium_philadelphicum/images/Lilium_philadelphicum.16903360.jpg,A3EPXUXQW7T8BL,18918,False,1050,398,flower,2024-04-16,19:04:40,3CZH926SJVYKQUBYU1OT39O1H0C4EG,False
N.A.,Lilium_philadelphicum,9023555,319397,https://crowdcurio-experiment-images.s3.amazonaws.com/Lilium_philadelphicum/images/Lilium_philadelphicum.16903360.jpg,A3EPXUXQW7T8BL,18918,False,724,548,flower,2024-04-16,19:04:41,3CZH926SJVYKQUBYU1OT39O1H0C4EG,False
N.A.,Lilium_philadelphicum,9023571,319397,https://crowdcurio-experiment-images.s3.amazonaws.com/Lilium_philadelphicum/images/Lilium_philadelphicum.16903360.jpg,A3EPXUXQW7T8BL,18918,False,482,338,flower,2024-04-16,19:04:43,3CZH926SJVYKQUBYU1OT39O1H0C4EG,False
N.A.,Lilium_philadelphicum,9023635,319396,https://crowdcurio-experiment-images.s3.amazonaws.com/Lilium_philadelphicum/images/Lilium_philadelphicum.16902711.jpg,A3EPXUXQW7T8BL,18918,False,1086,346,flower,2024-04-16,19:04:51,3CZH926SJVYKQUBYU1OT39O1H0C4EG,False
N.A.,Lilium_philadelphicum,9023647,319396,https://crowdcurio-experiment-images.s3.amazonaws.com/Lilium_philadelphicum/images/Lilium_philadelphicum.16902711.jpg,A3EPXUXQW7T8BL,18918,False,300,576,flower,2024-04-16,19:04:53,3CZH926SJVYKQUBYU1OT39O1H0C4EG,False
N.A.,Lilium_philadelphicum,9023715,319395,https://crowdcurio-experiment-images.s3.amazonaws.com/Lilium_philadelphicum/images/Lilium_philadelphicum.16901462.jpg,A3EPXUXQW7T8BL,18918,False,414,370,flower,2024-04-16,19:05:02,3CZH926SJVYKQUBYU1OT39O1H0C4EG,False
N.A.,Lilium_philadelphicum,9023789,319395,https://crowdcurio-experiment-images.s3.amazonaws.com/Lilium_philadelphicum/images/Lilium_philadelphicum.16901462.jpg,A3EPXUXQW7T8BL,18918,False,1034,1100,flower,2024-04-16,19:05:09,3CZH926SJVYKQUBYU1OT39O1H0C4EG,False
N.A.,Lilium_philadelphicum,9023894,319394,https://crowdcurio-experiment-images.s3.amazonaws.com/Lilium_philadelphicum/images/Lilium_philadelphicum.16901461.jpg,A3EPXUXQW7T8BL,18918,True,938,742,flower,2024-04-16,19:05:19,3CZH926SJVYKQUBYU1OT39O1H0C4EG,False
N.A.,Lilium_philadelphicum,9023980,319392,https://crowdcurio-experiment-images.s3.amazonaws.com/Lilium_philadelphicum/images/Lilium_philadelphicum.13821797.jpg,A3EPXUXQW7T8BL,18918,False,684,632,flower,2024-04-16,19:05:29,3CZH926SJVYKQUBYU1OT39O1H0C4EG,False
N.A.,Lilium_philadelphicum,9024072,319400,https://crowdcurio-experiment-images.s3.amazonaws.com/Lilium_philadelphicum/images/Lilium_philadelphicum.27163776.jpg,A3EPXUXQW7T8BL,18918,False,808,936,flower,2024-04-16,19:05:38,3CZH926SJVYKQUBYU1OT39O1H0C4EG,False
N.A.,Lilium_philadelphicum,9024176,319399,https://crowdcurio-experiment-images.s3.amazonaws.com/Lilium_philadelphicum/images/Lilium_philadelphicum.25160037.jpg,A3EPXUXQW7T8BL,18918,False,244,300,flower,2024-04-16,19:05:50,3CZH926SJVYKQUBYU1OT39O1H0C4EG,False
N.A.,Lilium_philadelphicum,9024293,319393,https://crowdcurio-experiment-images.s3.amazonaws.com/Lilium_philadelphicum/images/Lilium_philadelphicum.16901460.jpg,A3EPXUXQW7T8BL,18918,False,908,594,flower,2024-04-16,19:06:03,3CZH926SJVYKQUBYU1OT39O1H0C4EG,False
N.A.,Lilium_philadelphicum,9024306,319393,https://crowdcurio-experiment-images.s3.amazonaws.com/Lilium_philadelphicum/images/Lilium_philadelphicum.16901460.jpg,A3EPXUXQW7T8BL,18918,False,374,438,flower,2024-04-16,19:06:04,3CZH926SJVYKQUBYU1OT39O1H0C4EG,False
N.A.,Lilium_philadelphicum,9024411,319398,https://crowdcurio-experiment-images.s3.amazonaws.com/Lilium_philadelphicum/images/Lilium_philadelphicum.21623389.jpg,A3EPXUXQW7T8BL,18918,False,432,712,flower,2024-04-16,19:06:13,3CZH926SJVYKQUBYU1OT39O1H0C4EG,False
N.A.,Lilium_philadelphicum,9024573,319377,https://crowdcurio-experiment-images.s3.amazonaws.com/Lilium_philadelphicum/images/Lilium_philadelphicum.13820355.jpg,A3EPXUXQW7T8BL,18918,False,1016,476,flower,2024-04-16,19:06:29,3CZH926SJVYKQUBYU1OT39O1H0C4EG,False
N.A.,Lilium_philadelphicum,9024580,319377,https://crowdcurio-experiment-images.s3.amazonaws.com/Lilium_philadelphicum/images/Lilium_philadelphicum.13820355.jpg,A3EPXUXQW7T8BL,18918,False,680,280,flower,2024-04-16,19:06:29,3CZH926SJVYKQUBYU1OT39O1H0C4EG,False
N.A.,Lilium_philadelphicum,9024588,319377,https://crowdcurio-experiment-images.s3.amazonaws.com/Lilium_philadelphicum/images/Lilium_philadelphicum.13820355.jpg,A3EPXUXQW7T8BL,18918,False,252,296,flower,2024-04-16,19:06:30,3CZH926SJVYKQUBYU1OT39O1H0C4EG,False
N.A.,Lilium_philadelphicum,9024657,319374,https://crowdcurio-experiment-images.s3.amazonaws.com/Lilium_philadelphicum/images/Lilium_philadelphicum.8076395.jpg,A3EPXUXQW7T8BL,18918,False,682,690,flower,2024-04-16,19:06:38,3CZH926SJVYKQUBYU1OT39O1H0C4EG,False
N.A.,Lilium_philadelphicum,9024723,319375,https://crowdcurio-experiment-images.s3.amazonaws.com/Lilium_philadelphicum/images/Lilium_philadelphicum.13051385.jpg,A3EPXUXQW7T8BL,18918,False,778,330,flower,2024-04-16,19:06:47,3CZH926SJVYKQUBYU1OT39O1H0C4EG,False
N.A.,Lilium_philadelphicum,9024737,319375,https://crowdcurio-experiment-images.s3.amazonaws.com/Lilium_philadelphicum/images/Lilium_philadelphicum.13051385.jpg,A3EPXUXQW7T8BL,18918,False,292,376,flower,2024-04-16,19:06:49,3CZH926SJVYKQUBYU1OT39O1H0C4EG,False
N.A.,Lilium_philadelphicum,9024863,319376,https://crowdcurio-experiment-images.s3.amazonaws.com/Lilium_philadelphicum/images/Lilium_philadelphicum.13820354.jpg,A3EPXUXQW7T8BL,18918,False,794,376,flower,2024-04-16,19:06:59,3CZH926SJVYKQUBYU1OT39O1H0C4EG,False
N.A.,Lilium_philadelphicum,9024971,319379,https://crowdcurio-experiment-images.s3.amazonaws.com/Lilium_philadelphicum/images/Lilium_philadelphicum.13820358.jpg,A3EPXUXQW7T8BL,18918,False,876,400,flower,2024-04-16,19:07:08,3CZH926SJVYKQUBYU1OT39O1H0C4EG,False
N.A.,Lilium_philadelphicum,9025043,319380,https://crowdcurio-experiment-images.s3.amazonaws.com/Lilium_philadelphicum/images/Lilium_philadelphicum.13820362.jpg,A3EPXUXQW7T8BL,18918,False,820,368,flower,2024-04-16,19:07:17,3CZH926SJVYKQUBYU1OT39O1H0C4EG,False
N.A.,Lilium_philadelphicum,9025136,319381,https://crowdcurio-experiment-images.s3.amazonaws.com/Lilium_philadelphicum/images/Lilium_philadelphicum.13820364.jpg,A3EPXUXQW7T8BL,18918,False,716,454,flower,2024-04-16,19:07:27,3CZH926SJVYKQUBYU1OT39O1H0C4EG,False
N.A.,Lilium_philadelphicum,9025150,319386,https://crowdcurio-experiment-images.s3.amazonaws.com/Lilium_philadelphicum/images/Lilium_philadelphicum.13820369.jpg,A3AL2W0OZSYIY5,20245,False,889.3333333333334,805.3333333333334,flower,2024-04-16,19:07:29,3CZH926SJVYKQUBYU1OT39O1H0C4EG,False
N.A.,Lilium_philadelphicum,9025166,319386,https://crowdcurio-experiment-images.s3.amazonaws.com/Lilium_philadelphicum/images/Lilium_philadelphicum.13820369.jpg,A3AL2W0OZSYIY5,20245,False,965.3333333333334,846.6666666666666,flower,2024-04-16,19:07:30,3CZH926SJVYKQUBYU1OT39O1H0C4EG,False
N.A.,Lilium_philadelphicum,9025233,319378,https://crowdcurio-experiment-images.s3.amazonaws.com/Lilium_philadelphicum/images/Lilium_philadelphicum.13820357.jpg,A3EPXUXQW7T8BL,18918,False,984,392,flower,2024-04-16,19:07:37,3CZH926SJVYKQUBYU1OT39O1H0C4EG,False
N.A.,Lilium_philadelphicum,9025240,319378,https://crowdcurio-experiment-images.s3.amazonaws.com/Lilium_philadelphicum/images/Lilium_philadelphicum.13820357.jpg,A3EPXUXQW7T8BL,18918,False,422,380,flower,2024-04-16,19:07:38,3CZH926SJVYKQUBYU1OT39O1H0C4EG,False
N.A.,Lilium_philadelphicum,9025294,319390,https://crowdcurio-experiment-images.s3.amazonaws.com/Lilium_philadelphicum/images/Lilium_philadelphicum.13820373.jpg,A3AL2W0OZSYIY5,20245,False,629.3333333333334,565.3333333333334,flower,2024-04-16,19:07:42,3CZH926SJVYKQUBYU1OT39O1H0C4EG,False
N.A.,Lilium_philadelphicum,9025330,319369,https://crowdcurio-experiment-images.s3.amazonaws.com/Lilium_philadelphicum/images/Lilium_philadelphicum.4570538.jpg,A38UUB83BIPIUR,19792,False,443.2,468,flower,2024-04-16,19:07:46,3CZH926SJVYKQUBYU1OT39O1H0C4EG,False
N.A.,Lilium_philadelphicum,9025332,319382,https://crowdcurio-experiment-images.s3.amazonaws.com/Lilium_philadelphicum/images/Lilium_philadelphicum.13820365.jpg,A3EPXUXQW7T8BL,18918,False,696,410,flower,2024-04-16,19:07:46,3CZH926SJVYKQUBYU1OT39O1H0C4EG,False
N.A.,Lilium_philadelphicum,9025408,319382,https://crowdcurio-experiment-images.s3.amazonaws.com/Lilium_philadelphicum/images/Lilium_philadelphicum.13820365.jpg,A3EPXUXQW7T8BL,18918,False,807,872,flower,2024-04-16,19:07:52,3CZH926SJVYKQUBYU1OT39O1H0C4EG,False
N.A.,Lilium_philadelphicum,9025417,319389,https://crowdcurio-experiment-images.s3.amazonaws.com/Lilium_philadelphicum/images/Lilium_philadelphicum.13820372.jpg,A3AL2W0OZSYIY5,20245,False,906,563,flower,2024-04-16,19:07:53,3CZH926SJVYKQUBYU1OT39O1H0C4EG,False
N.A.,Lilium_philadelphicum,9025476,319381,https://crowdcurio-experiment-images.s3.amazonaws.com/Lilium_philadelphicum/images/Lilium_philadelphicum.13820364.jpg,A3EPXUXQW7T8BL,18918,True,728,470,flower,2024-04-16,19:07:58,3CZH926SJVYKQUBYU1OT39O1H0C4EG,False
N.A.,Lilium_philadelphicum,9025580,319370,https://crowdcurio-experiment-images.s3.amazonaws.com/Lilium_philadelphicum/images/Lilium_philadelphicum.4713571.jpg,A38UUB83BIPIUR,19792,False,667.2,1856,flower,2024-04-16,19:08:08,3CZH926SJVYKQUBYU1OT39O1H0C4EG,False
N.A.,Lilium_philadelphicum,9025590,319388,https://crowdcurio-experiment-images.s3.amazonaws.com/Lilium_philadelphicum/images/Lilium_philadelphicum.13820371.jpg,A3AL2W0OZSYIY5,20245,False,681,426,flower,2024-04-16,19:08:09,3CZH926SJVYKQUBYU1OT39O1H0C4EG,False
N.A.,Lilium_philadelphicum,9025681,319367,https://crowdcurio-experiment-images.s3.amazonaws.com/Lilium_philadelphicum/images/Lilium_philadelphicum.4119208.jpg,A38UUB83BIPIUR,19792,False,1152,358,flower,2024-04-16,19:08:17,3CZH926SJVYKQUBYU1OT39O1H0C4EG,False
N.A.,Lilium_philadelphicum,9025692,319360,https://crowdcurio-experiment-images.s3.amazonaws.com/Lilium_philadelphicum/images/Lilium_philadelphicum.4019889.jpg,A3EPXUXQW7T8BL,18918,False,836,352,flower,2024-04-16,19:08:18,3CZH926SJVYKQUBYU1OT39O1H0C4EG,False
N.A.,Lilium_philadelphicum,9025724,319360,https://crowdcurio-experiment-images.s3.amazonaws.com/Lilium_philadelphicum/images/Lilium_philadelphicum.4019889.jpg,A3EPXUXQW7T8BL,18918,False,348,440,flower,2024-04-16,19:08:20,3CZH926SJVYKQUBYU1OT39O1H0C4EG,False
N.A.,Lilium_philadelphicum,9025725,319387,https://crowdcurio-experiment-images.s3.amazonaws.com/Lilium_philadelphicum/images/Lilium_philadelphicum.13820370.jpg,A3AL2W0OZSYIY5,20245,False,890,452,flower,2024-04-16,19:08:20,3CZH926SJVYKQUBYU1OT39O1H0C4EG,False
N.A.,Lilium_philadelphicum,9025814,319365,https://crowdcurio-experiment-images.s3.amazonaws.com/Lilium_philadelphicum/images/Lilium_philadelphicum.4063667.jpg,A38UUB83BIPIUR,19792,False,1168,768,flower,2024-04-16,19:08:28,3CZH926SJVYKQUBYU1OT39O1H0C4EG,False
N.A.,Lilium_philadelphicum,9025818,319365,https://crowdcurio-experiment-images.s3.amazonaws.com/Lilium_philadelphicum/images/Lilium_philadelphicum.4063667.jpg,A38UUB83BIPIUR,19792,False,1104,712,flower,2024-04-16,19:08:28,3CZH926SJVYKQUBYU1OT39O1H0C4EG,False
N.A.,Lilium_philadelphicum,9025865,319362,https://crowdcurio-experiment-images.s3.amazonaws.com/Lilium_philadelphicum/images/Lilium_philadelphicum.4019893.jpg,A3EPXUXQW7T8BL,18918,False,942,324,flower,2024-04-16,19:08:32,3CZH926SJVYKQUBYU1OT39O1H0C4EG,False
N.A.,Lilium_philadelphicum,9025945,319372,https://crowdcurio-experiment-images.s3.amazonaws.com/Lilium_philadelphicum/images/Lilium_philadelphicum.4749427.jpg,A38UUB83BIPIUR,19792,False,699.2,416,flower,2024-04-16,19:08:41,3CZH926SJVYKQUBYU1OT39O1H0C4EG,False
N.A.,Lilium_philadelphicum,9025966,319357,https://crowdcurio-experiment-images.s3.amazonaws.com/Lilium_philadelphicum/images/Lilium_philadelphicum.3509423.jpg,A3EPXUXQW7T8BL,18918,False,1020,196,flower,2024-04-16,19:08:43,3CZH926SJVYKQUBYU1OT39O1H0C4EG,False
N.A.,Lilium_philadelphicum,9026027,319371,https://crowdcurio-experiment-images.s3.amazonaws.com/Lilium_philadelphicum/images/Lilium_philadelphicum.4749420.jpg,A38UUB83BIPIUR,19792,False,776,368,flower,2024-04-16,19:08:49,3CZH926SJVYKQUBYU1OT39O1H0C4EG,False
N.A.,Lilium_philadelphicum,9026066,319364,https://crowdcurio-experiment-images.s3.amazonaws.com/Lilium_philadelphicum/images/Lilium_philadelphicum.4063666.jpg,A3EPXUXQW7T8BL,18918,False,920,280,flower,2024-04-16,19:08:54,3CZH926SJVYKQUBYU1OT39O1H0C4EG,False
N.A.,Lilium_philadelphicum,9026187,319366,https://crowdcurio-experiment-images.s3.amazonaws.com/Lilium_philadelphicum/images/Lilium_philadelphicum.4063668.jpg,A38UUB83BIPIUR,19792,False,303.2,720,flower,2024-04-16,19:09:03,3CZH926SJVYKQUBYU1OT39O1H0C4EG,False
N.A.,Lilium_philadelphicum,9026193,319363,https://crowdcurio-experiment-images.s3.amazonaws.com/Lilium_philadelphicum/images/Lilium_philadelphicum.4019894.jpg,A3EPXUXQW7T8BL,18918,False,1022.6666666666666,225.33333333333334,flower,2024-04-16,19:09:04,3CZH926SJVYKQUBYU1OT39O1H0C4EG,False
N.A.,Lilium_philadelphicum,9026195,319384,https://crowdcurio-experiment-images.s3.amazonaws.com/Lilium_philadelphicum/images/Lilium_philadelphicum.13820367.jpg,A3AL2W0OZSYIY5,20245,False,880,491,flower,2024-04-16,19:09:04,3CZH926SJVYKQUBYU1OT39O1H0C4EG,False
N.A.,Lilium_philadelphicum,9026254,319385,https://crowdcurio-experiment-images.s3.amazonaws.com/Lilium_philadelphicum/images/Lilium_philadelphicum.13820368.jpg,A3AL2W0OZSYIY5,20245,False,440,586,flower,2024-04-16,19:09:10,3CZH926SJVYKQUBYU1OT39O1H0C4EG,False
N.A.,Lilium_philadelphicum,9026264,319372,https://crowdcurio-experiment-images.s3.amazonaws.com/Lilium_philadelphicum/images/Lilium_philadelphicum.4749427.jpg,A38UUB83BIPIUR,19792,True,763.2,416,flower,2024-04-16,19:09:11,3CZH926SJVYKQUBYU1OT39O1H0C4EG,False
N.A.,Lilium_philadelphicum,9026291,319356,https://crowdcurio-experiment-images.s3.amazonaws.com/Lilium_philadelphicum/images/Lilium_philadelphicum.3112322.jpg,A3EPXUXQW7T8BL,18918,False,614,550,flower,2024-04-16,19:09:13,3CZH926SJVYKQUBYU1OT39O1H0C4EG,False
N.A.,Lilium_philadelphicum,9026362,319383,https://crowdcurio-experiment-images.s3.amazonaws.com/Lilium_philadelphicum/images/Lilium_philadelphicum.13820366.jpg,A3AL2W0OZSYIY5,20245,False,882,512,flower,2024-04-16,19:09:20,3CZH926SJVYKQUBYU1OT39O1H0C4EG,False
N.A.,Lilium_philadelphicum,9026444,319361,https://crowdcurio-experiment-images.s3.amazonaws.com/Lilium_philadelphicum/images/Lilium_philadelphicum.4019892.jpg,A3EPXUXQW7T8BL,18918,False,1020,326,flower,2024-04-16,19:09:29,3CZH926SJVYKQUBYU1OT39O1H0C4EG,False
N.A.,Lilium_philadelphicum,9026446,319361,https://crowdcurio-experiment-images.s3.amazonaws.com/Lilium_philadelphicum/images/Lilium_philadelphicum.4019892.jpg,A3EPXUXQW7T8BL,18918,False,1094,360,flower,2024-04-16,19:09:29,3CZH926SJVYKQUBYU1OT39O1H0C4EG,False
N.A.,Lilium_philadelphicum,9026506,319390,https://crowdcurio-experiment-images.s3.amazonaws.com/Lilium_philadelphicum/images/Lilium_philadelphicum.13820373.jpg,A3AL2W0OZSYIY5,20245,True,523,648,flower,2024-04-16,19:09:33,3CZH926SJVYKQUBYU1OT39O1H0C4EG,False
N.A.,Lilium_philadelphicum,9026509,319390,https://crowdcurio-experiment-images.s3.amazonaws.com/Lilium_philadelphicum/images/Lilium_philadelphicum.13820373.jpg,A3AL2W0OZSYIY5,20245,True,595,592,flower,2024-04-16,19:09:33,3CZH926SJVYKQUBYU1OT39O1H0C4EG,False
N.A.,Lilium_philadelphicum,9026560,319391,https://crowdcurio-experiment-images.s3.amazonaws.com/Lilium_philadelphicum/images/Lilium_philadelphicum.13820374.jpg,A3AL2W0OZSYIY5,20245,False,662,595,flower,2024-04-16,19:09:38,3CZH926SJVYKQUBYU1OT39O1H0C4EG,False
N.A.,Lilium_philadelphicum,9026565,319359,https://crowdcurio-experiment-images.s3.amazonaws.com/Lilium_philadelphicum/images/Lilium_philadelphicum.4010918.jpg,A3EPXUXQW7T8BL,18918,False,690.6666666666666,422.6666666666667,flower,2024-04-16,19:09:38,3CZH926SJVYKQUBYU1OT39O1H0C4EG,False
N.A.,Lilium_philadelphicum,9026609,319359,https://crowdcurio-experiment-images.s3.amazonaws.com/Lilium_philadelphicum/images/Lilium_philadelphicum.4010918.jpg,A3EPXUXQW7T8BL,18918,False,493.3333333333333,620,bud,2024-04-16,19:09:42,3CZH926SJVYKQUBYU1OT39O1H0C4EG,False
N.A.,Lilium_philadelphicum,9026711,319360,https://crowdcurio-experiment-images.s3.amazonaws.com/Lilium_philadelphicum/images/Lilium_philadelphicum.4019889.jpg,A3EPXUXQW7T8BL,18918,True,870,366,flower,2024-04-16,19:09:51,3CZH926SJVYKQUBYU1OT39O1H0C4EG,False
N.A.,Lilium_philadelphicum,9026721,319360,https://crowdcurio-experiment-images.s3.amazonaws.com/Lilium_philadelphicum/images/Lilium_philadelphicum.4019889.jpg,A3EPXUXQW7T8BL,18918,True,388,406,flower,2024-04-16,19:09:52,3CZH926SJVYKQUBYU1OT39O1H0C4EG,False
N.A.,Lilium_philadelphicum,9026823,319358,https://crowdcurio-experiment-images.s3.amazonaws.com/Lilium_philadelphicum/images/Lilium_philadelphicum.4010917.jpg,A3EPXUXQW7T8BL,18918,False,856,304,flower,2024-04-16,19:10:01,3CZH926SJVYKQUBYU1OT39O1H0C4EG,False
N.A.,Lilium_philadelphicum,9027032,319352,https://crowdcurio-experiment-images.s3.amazonaws.com/Lilium_philadelphicum/images/Lilium_philadelphicum.3059913.jpg,A3EPXUXQW7T8BL,18918,False,872,488,flower,2024-04-16,19:10:19,3CZH926SJVYKQUBYU1OT39O1H0C4EG,False
N.A.,Lilium_philadelphicum,9027150,319350,https://crowdcurio-experiment-images.s3.amazonaws.com/Lilium_philadelphicum/images/Lilium_philadelphicum.3059911.jpg,A3EPXUXQW7T8BL,18918,False,692,608,flower,2024-04-16,19:10:29,3CZH926SJVYKQUBYU1OT39O1H0C4EG,False
N.A.,Lilium_philadelphicum,9027222,319373,https://crowdcurio-experiment-images.s3.amazonaws.com/Lilium_philadelphicum/images/Lilium_philadelphicum.4840941.jpg,A38UUB83BIPIUR,19792,False,483.2,360,flower,2024-04-16,19:10:36,3CZH926SJVYKQUBYU1OT39O1H0C4EG,False
N.A.,Lilium_philadelphicum,9027245,319353,https://crowdcurio-experiment-images.s3.amazonaws.com/Lilium_philadelphicum/images/Lilium_philadelphicum.3059994.jpg,A3EPXUXQW7T8BL,18918,False,800,652,flower,2024-04-16,19:10:39,3CZH926SJVYKQUBYU1OT39O1H0C4EG,False
N.A.,Lilium_philadelphicum,9027307,319368,https://crowdcurio-experiment-images.s3.amazonaws.com/Lilium_philadelphicum/images/Lilium_philadelphicum.4119209.jpg,A38UUB83BIPIUR,19792,False,779.2,393.6,flower,2024-04-16,19:10:45,3CZH926SJVYKQUBYU1OT39O1H0C4EG,False
N.A.,Lilium_philadelphicum,9027342,319348,https://crowdcurio-experiment-images.s3.amazonaws.com/Lilium_philadelphicum/images/Lilium_philadelphicum.3045343.jpg,A3EPXUXQW7T8BL,18918,False,1028,1012,flower,2024-04-16,19:10:48,3CZH926SJVYKQUBYU1OT39O1H0C4EG,False
N.A.,Lilium_philadelphicum,9027351,319348,https://crowdcurio-experiment-images.s3.amazonaws.com/Lilium_philadelphicum/images/Lilium_philadelphicum.3045343.jpg,A3EPXUXQW7T8BL,18918,False,988,576,flower,2024-04-16,19:10:49,3CZH926SJVYKQUBYU1OT39O1H0C4EG,False
N.A.,Lilium_philadelphicum,9027361,319348,https://crowdcurio-experiment-images.s3.amazonaws.com/Lilium_philadelphicum/images/Lilium_philadelphicum.3045343.jpg,A3EPXUXQW7T8BL,18918,False,520,556,flower,2024-04-16,19:10:50,3CZH926SJVYKQUBYU1OT39O1H0C4EG,False
N.A.,Lilium_philadelphicum,9027440,319354,https://crowdcurio-experiment-images.s3.amazonaws.com/Lilium_philadelphicum/images/Lilium_philadelphicum.3107537.jpg,A3EPXUXQW7T8BL,18918,False,752,712,flower,2024-04-16,19:10:59,3CZH926SJVYKQUBYU1OT39O1H0C4EG,False
N.A.,Lilium_philadelphicum,9027541,319349,https://crowdcurio-experiment-images.s3.amazonaws.com/Lilium_philadelphicum/images/Lilium_philadelphicum.3052817.jpg,A3EPXUXQW7T8BL,18918,False,1044,1186,flower,2024-04-16,19:11:09,3CZH926SJVYKQUBYU1OT39O1H0C4EG,False
N.A.,Lilium_philadelphicum,9027552,319349,https://crowdcurio-experiment-images.s3.amazonaws.com/Lilium_philadelphicum/images/Lilium_philadelphicum.3052817.jpg,A3EPXUXQW7T8BL,18918,False,592,1108,flower,2024-04-16,19:11:10,3CZH926SJVYKQUBYU1OT39O1H0C4EG,False
N.A.,Lilium_philadelphicum,9027582,319349,https://crowdcurio-experiment-images.s3.amazonaws.com/Lilium_philadelphicum/images/Lilium_philadelphicum.3052817.jpg,A3EPXUXQW7T8BL,18918,False,844,978,flower,2024-04-16,19:11:12,3CZH926SJVYKQUBYU1OT39O1H0C4EG,False
N.A.,Lilium_philadelphicum,9027662,319353,https://crowdcurio-experiment-images.s3.amazonaws.com/Lilium_philadelphicum/images/Lilium_philadelphicum.3059994.jpg,A3EPXUXQW7T8BL,18918,True,804,656,flower,2024-04-16,19:11:20,3CZH926SJVYKQUBYU1OT39O1H0C4EG,False
N.A.,Lilium_philadelphicum,9027756,319347,https://crowdcurio-experiment-images.s3.amazonaws.com/Lilium_philadelphicum/images/Lilium_philadelphicum.3041963.jpg,A3EPXUXQW7T8BL,18918,False,666.6666666666666,796,flower,2024-04-16,19:11:30,3CZH926SJVYKQUBYU1OT39O1H0C4EG,False
N.A.,Lilium_philadelphicum,9027907,319355,https://crowdcurio-experiment-images.s3.amazonaws.com/Lilium_philadelphicum/images/Lilium_philadelphicum.3107538.jpg,A3EPXUXQW7T8BL,18918,False,884,538,flower,2024-04-16,19:11:44,3CZH926SJVYKQUBYU1OT39O1H0C4EG,False
N.A.,Lilium_philadelphicum,9027997,319351,https://crowdcurio-experiment-images.s3.amazonaws.com/Lilium_philadelphicum/images/Lilium_philadelphicum.3059912.jpg,A3EPXUXQW7T8BL,18918,False,1068,770,flower,2024-04-16,19:11:54,3CZH926SJVYKQUBYU1OT39O1H0C4EG,False
N.A.,Lilium_philadelphicum,9028225,319330,https://crowdcurio-experiment-images.s3.amazonaws.com/Lilium_philadelphicum/images/Lilium_philadelphicum.1127947.jpg,A3EPXUXQW7T8BL,18918,False,988,1008,bud,2024-04-16,19:12:21,3CZH926SJVYKQUBYU1OT39O1H0C4EG,False
N.A.,Lilium_philadelphicum,9028336,319346,https://crowdcurio-experiment-images.s3.amazonaws.com/Lilium_philadelphicum/images/Lilium_philadelphicum.3038651.jpg,A38UUB83BIPIUR,19792,False,707.2,480,flower,2024-04-16,19:12:32,3CZH926SJVYKQUBYU1OT39O1H0C4EG,False
N.A.,Lilium_philadelphicum,9028337,319329,https://crowdcurio-experiment-images.s3.amazonaws.com/Lilium_philadelphicum/images/Lilium_philadelphicum.496931.jpg,A3EPXUXQW7T8BL,18918,False,656,432,flower,2024-04-16,19:12:32,3CZH926SJVYKQUBYU1OT39O1H0C4EG,False
N.A.,Lilium_philadelphicum,9028431,319334,https://crowdcurio-experiment-images.s3.amazonaws.com/Lilium_philadelphicum/images/Lilium_philadelphicum.1398784.jpg,A3EPXUXQW7T8BL,18918,False,368,1412,flower,2024-04-16,19:12:45,3CZH926SJVYKQUBYU1OT39O1H0C4EG,False
N.A.,Lilium_philadelphicum,9028438,319334,https://crowdcurio-experiment-images.s3.amazonaws.com/Lilium_philadelphicum/images/Lilium_philadelphicum.1398784.jpg,A3EPXUXQW7T8BL,18918,False,160,1300,flower,2024-04-16,19:12:45,3CZH926SJVYKQUBYU1OT39O1H0C4EG,False
N.A.,Lilium_philadelphicum,9028500,319340,https://crowdcurio-experiment-images.s3.amazonaws.com/Lilium_philadelphicum/images/Lilium_philadelphicum.1439838.jpg,A38UUB83BIPIUR,19792,False,347.2,336,flower,2024-04-16,19:12:53,3CZH926SJVYKQUBYU1OT39O1H0C4EG,False
N.A.,Lilium_philadelphicum,9028519,319331,https://crowdcurio-experiment-images.s3.amazonaws.com/Lilium_philadelphicum/images/Lilium_philadelphicum.1386757.jpg,A3EPXUXQW7T8BL,18918,False,874,458,flower,2024-04-16,19:12:55,3CZH926SJVYKQUBYU1OT39O1H0C4EG,False
N.A.,Lilium_philadelphicum,9028529,319331,https://crowdcurio-experiment-images.s3.amazonaws.com/Lilium_philadelphicum/images/Lilium_philadelphicum.1386757.jpg,A3EPXUXQW7T8BL,18918,False,328,626,flower,2024-04-16,19:12:56,3CZH926SJVYKQUBYU1OT39O1H0C4EG,False
N.A.,Lilium_philadelphicum,9028537,319331,https://crowdcurio-experiment-images.s3.amazonaws.com/Lilium_philadelphicum/images/Lilium_philadelphicum.1386757.jpg,A3EPXUXQW7T8BL,18918,False,158,744,flower,2024-04-16,19:12:57,3CZH926SJVYKQUBYU1OT39O1H0C4EG,False
N.A.,Lilium_philadelphicum,9028601,319343,https://crowdcurio-experiment-images.s3.amazonaws.com/Lilium_philadelphicum/images/Lilium_philadelphicum.1456487.jpg,A38UUB83BIPIUR,19792,False,964,336,flower,2024-04-16,19:13:04,3CZH926SJVYKQUBYU1OT39O1H0C4EG,False
N.A.,Lilium_philadelphicum,9028629,319333,https://crowdcurio-experiment-images.s3.amazonaws.com/Lilium_philadelphicum/images/Lilium_philadelphicum.1398697.jpg,A3EPXUXQW7T8BL,18918,False,212,956,flower,2024-04-16,19:13:08,3CZH926SJVYKQUBYU1OT39O1H0C4EG,False
N.A.,Lilium_philadelphicum,9028683,319339,https://crowdcurio-experiment-images.s3.amazonaws.com/Lilium_philadelphicum/images/Lilium_philadelphicum.1436203.jpg,A38UUB83BIPIUR,19792,False,411.2,288,flower,2024-04-16,19:13:14,3CZH926SJVYKQUBYU1OT39O1H0C4EG,False
N.A.,Lilium_philadelphicum,9028691,319339,https://crowdcurio-experiment-images.s3.amazonaws.com/Lilium_philadelphicum/images/Lilium_philadelphicum.1436203.jpg,A38UUB83BIPIUR,19792,False,1115.2,288,flower,2024-04-16,19:13:15,3CZH926SJVYKQUBYU1OT39O1H0C4EG,False
N.A.,Lilium_philadelphicum,9028690,319335,https://crowdcurio-experiment-images.s3.amazonaws.com/Lilium_philadelphicum/images/Lilium_philadelphicum.1409845.jpg,A3EPXUXQW7T8BL,18918,False,1076,414,flower,2024-04-16,19:13:15,3CZH926SJVYKQUBYU1OT39O1H0C4EG,False
N.A.,Lilium_philadelphicum,9028701,319335,https://crowdcurio-experiment-images.s3.amazonaws.com/Lilium_philadelphicum/images/Lilium_philadelphicum.1409845.jpg,A3EPXUXQW7T8BL,18918,False,206,438,flower,2024-04-16,19:13:16,3CZH926SJVYKQUBYU1OT39O1H0C4EG,False
N.A.,Lilium_philadelphicum,9028737,319335,https://crowdcurio-experiment-images.s3.amazonaws.com/Lilium_philadelphicum/images/Lilium_philadelphicum.1409845.jpg,A3EPXUXQW7T8BL,18918,False,586,1538,flower,2024-04-16,19:13:21,3CZH926SJVYKQUBYU1OT39O1H0C4EG,False
N.A.,Lilium_philadelphicum,9028801,319342,https://crowdcurio-experiment-images.s3.amazonaws.com/Lilium_philadelphicum/images/Lilium_philadelphicum.1450321.jpg,A38UUB83BIPIUR,19792,False,707.2,584,flower,2024-04-16,19:13:29,3CZH926SJVYKQUBYU1OT39O1H0C4EG,False
N.A.,Lilium_philadelphicum,9028813,319336,https://crowdcurio-experiment-images.s3.amazonaws.com/Lilium_philadelphicum/images/Lilium_philadelphicum.1411765.jpg,A3EPXUXQW7T8BL,18918,False,324,580,flower,2024-04-16,19:13:30,3CZH926SJVYKQUBYU1OT39O1H0C4EG,False
N.A.,Lilium_philadelphicum,9028910,319329,https://crowdcurio-experiment-images.s3.amazonaws.com/Lilium_philadelphicum/images/Lilium_philadelphicum.496931.jpg,A3EPXUXQW7T8BL,18918,True,664,416,flower,2024-04-16,19:13:40,3CZH926SJVYKQUBYU1OT39O1H0C4EG,False
N.A.,Lilium_philadelphicum,9028918,319341,https://crowdcurio-experiment-images.s3.amazonaws.com/Lilium_philadelphicum/images/Lilium_philadelphicum.1448947.jpg,A38UUB83BIPIUR,19792,False,984,384,flower,2024-04-16,19:13:42,3CZH926SJVYKQUBYU1OT39O1H0C4EG,False
N.A.,Lilium_philadelphicum,9028965,319332,https://crowdcurio-experiment-images.s3.amazonaws.com/Lilium_philadelphicum/images/Lilium_philadelphicum.1388303.jpg,A3EPXUXQW7T8BL,18918,False,574,376,flower,2024-04-16,19:13:49,3CZH926SJVYKQUBYU1OT39O1H0C4EG,False
N.A.,Lilium_philadelphicum,9029086,319332,https://crowdcurio-experiment-images.s3.amazonaws.com/Lilium_philadelphicum/images/Lilium_philadelphicum.1388303.jpg,A3EPXUXQW7T8BL,18918,False,1016,1312,fruit,2024-04-16,19:14:03,3CZH926SJVYKQUBYU1OT39O1H0C4EG,False
N.A.,Lilium_philadelphicum,9029010,319345,https://crowdcurio-experiment-images.s3.amazonaws.com/Lilium_philadelphicum/images/Lilium_philadelphicum.3037388.jpg,A38UUB83BIPIUR,19792,False,548,520,flower,2024-04-16,19:13:54,3CZH926SJVYKQUBYU1OT39O1H0C4EG,False
N.A.,Lilium_philadelphicum,9029109,319346,https://crowdcurio-experiment-images.s3.amazonaws.com/Lilium_philadelphicum/images/Lilium_philadelphicum.3038651.jpg,A38UUB83BIPIUR,19792,True,708,440,flower,2024-04-16,19:14:07,3CZH926SJVYKQUBYU1OT39O1H0C4EG,False
N.A.,Lilium_philadelphicum,9029167,319337,https://crowdcurio-experiment-images.s3.amazonaws.com/Lilium_philadelphicum/images/Lilium_philadelphicum.1431313.jpg,A3EPXUXQW7T8BL,18918,False,842,1188,flower,2024-04-16,19:14:14,3CZH926SJVYKQUBYU1OT39O1H0C4EG,False
N.A.,Lilium_philadelphicum,9029173,319337,https://crowdcurio-experiment-images.s3.amazonaws.com/Lilium_philadelphicum/images/Lilium_philadelphicum.1431313.jpg,A3EPXUXQW7T8BL,18918,False,540,1570,flower,2024-04-16,19:14:15,3CZH926SJVYKQUBYU1OT39O1H0C4EG,False
N.A.,Lilium_philadelphicum,9029204,319344,https://crowdcurio-experiment-images.s3.amazonaws.com/Lilium_philadelphicum/images/Lilium_philadelphicum.1778299.jpg,A38UUB83BIPIUR,19792,False,755.2,1424,flower,2024-04-16,19:14:18,3CZH926SJVYKQUBYU1OT39O1H0C4EG,False
N.A.,Lilium_philadelphicum,9029310,319340,https://crowdcurio-experiment-images.s3.amazonaws.com/Lilium_philadelphicum/images/Lilium_philadelphicum.1439838.jpg,A3EPXUXQW7T8BL,18918,False,1028,290,flower,2024-04-16,19:14:32,3CZH926SJVYKQUBYU1OT39O1H0C4EG,False
N.A.,Lilium_philadelphicum,9029316,319340,https://crowdcurio-experiment-images.s3.amazonaws.com/Lilium_philadelphicum/images/Lilium_philadelphicum.1439838.jpg,A3EPXUXQW7T8BL,18918,False,402,344,flower,2024-04-16,19:14:33,3CZH926SJVYKQUBYU1OT39O1H0C4EG,False
N.A.,Lilium_philadelphicum,9029391,319338,https://crowdcurio-experiment-images.s3.amazonaws.com/Lilium_philadelphicum/images/Lilium_philadelphicum.1433253.jpg,A38UUB83BIPIUR,19792,False,667.2,320,flower,2024-04-16,19:14:41,3CZH926SJVYKQUBYU1OT39O1H0C4EG,False
N.A.,Lilium_philadelphicum,9029427,319324,https://crowdcurio-experiment-images.s3.amazonaws.com/Lilium_philadelphicum/images/Lilium_philadelphicum.496926.jpg,A3EPXUXQW7T8BL,18918,False,334,632,flower,2024-04-16,19:14:46,3CZH926SJVYKQUBYU1OT39O1H0C4EG,False
N.A.,Lilium_philadelphicum,9029444,319324,https://crowdcurio-experiment-images.s3.amazonaws.com/Lilium_philadelphicum/images/Lilium_philadelphicum.496926.jpg,A3EPXUXQW7T8BL,18918,False,1048,1500,flower,2024-04-16,19:14:49,3CZH926SJVYKQUBYU1OT39O1H0C4EG,False
N.A.,Lilium_philadelphicum,9029508,319323,https://crowdcurio-experiment-images.s3.amazonaws.com/Lilium_philadelphicum/images/Lilium_philadelphicum.496922.jpg,A3EPXUXQW7T8BL,18918,False,1132,440,flower,2024-04-16,19:14:59,3CZH926SJVYKQUBYU1OT39O1H0C4EG,False
N.A.,Lilium_philadelphicum,9029512,319323,https://crowdcurio-experiment-images.s3.amazonaws.com/Lilium_philadelphicum/images/Lilium_philadelphicum.496922.jpg,A3EPXUXQW7T8BL,18918,False,812,456,flower,2024-04-16,19:15:00,3CZH926SJVYKQUBYU1OT39O1H0C4EG,False
N.A.,Lilium_philadelphicum,9029514,319323,https://crowdcurio-experiment-images.s3.amazonaws.com/Lilium_philadelphicum/images/Lilium_philadelphicum.496922.jpg,A3EPXUXQW7T8BL,18918,False,508,376,flower,2024-04-16,19:15:01,3CZH926SJVYKQUBYU1OT39O1H0C4EG,False
N.A.,Lilium_philadelphicum,9029523,319323,https://crowdcurio-experiment-images.s3.amazonaws.com/Lilium_philadelphicum/images/Lilium_philadelphicum.496922.jpg,A3EPXUXQW7T8BL,18918,False,212,332,flower,2024-04-16,19:15:02,3CZH926SJVYKQUBYU1OT39O1H0C4EG,False
N.A.,Lilium_philadelphicum,9029580,319327,https://crowdcurio-experiment-images.s3.amazonaws.com/Lilium_philadelphicum/images/Lilium_philadelphicum.496929.jpg,A38UUB83BIPIUR,19792,False,891.2,400,flower,2024-04-16,19:15:09,3CZH926SJVYKQUBYU1OT39O1H0C4EG,False
N.A.,Lilium_philadelphicum,9029589,319341,https://crowdcurio-experiment-images.s3.amazonaws.com/Lilium_philadelphicum/images/Lilium_philadelphicum.1448947.jpg,A3EPXUXQW7T8BL,18918,False,968,416,flower,2024-04-16,19:15:11,3CZH926SJVYKQUBYU1OT39O1H0C4EG,False
N.A.,Lilium_philadelphicum,9029599,319341,https://crowdcurio-experiment-images.s3.amazonaws.com/Lilium_philadelphicum/images/Lilium_philadelphicum.1448947.jpg,A3EPXUXQW7T8BL,18918,False,660,1552,flower,2024-04-16,19:15:13,3CZH926SJVYKQUBYU1OT39O1H0C4EG,False
N.A.,Lilium_philadelphicum,9029626,319325,https://crowdcurio-experiment-images.s3.amazonaws.com/Lilium_philadelphicum/images/Lilium_philadelphicum.496927.jpg,A38UUB83BIPIUR,19792,False,1420.8,1984,flower,2024-04-16,19:15:17,3CZH926SJVYKQUBYU1OT39O1H0C4EG,False
N.A.,Lilium_philadelphicum,9029673,319325,https://crowdcurio-experiment-images.s3.amazonaws.com/Lilium_philadelphicum/images/Lilium_philadelphicum.496927.jpg,A3EPXUXQW7T8BL,18918,False,1064,1432,flower,2024-04-16,19:15:25,3CZH926SJVYKQUBYU1OT39O1H0C4EG,False
N.A.,Lilium_philadelphicum,9029730,319324,https://crowdcurio-experiment-images.s3.amazonaws.com/Lilium_philadelphicum/images/Lilium_philadelphicum.496926.jpg,A38UUB83BIPIUR,19792,False,379.2,736,flower,2024-04-16,19:15:34,3CZH926SJVYKQUBYU1OT39O1H0C4EG,False
N.A.,Lilium_philadelphicum,9029731,319322,https://crowdcurio-experiment-images.s3.amazonaws.com/Lilium_philadelphicum/images/Lilium_philadelphicum.496921.jpg,A3EPXUXQW7T8BL,18918,False,356,392,flower,2024-04-16,19:15:34,3CZH926SJVYKQUBYU1OT39O1H0C4EG,False
N.A.,Lilium_philadelphicum,9029808,319328,https://crowdcurio-experiment-images.s3.amazonaws.com/Lilium_philadelphicum/images/Lilium_philadelphicum.496930.jpg,A3EPXUXQW7T8BL,18918,False,768,632,flower,2024-04-16,19:15:44,3CZH926SJVYKQUBYU1OT39O1H0C4EG,False
N.A.,Lilium_philadelphicum,9029815,319328,https://crowdcurio-experiment-images.s3.amazonaws.com/Lilium_philadelphicum/images/Lilium_philadelphicum.496930.jpg,A3EPXUXQW7T8BL,18918,False,492,636,flower,2024-04-16,19:15:44,3CZH926SJVYKQUBYU1OT39O1H0C4EG,False
N.A.,Lilium_philadelphicum,9029825,319328,https://crowdcurio-experiment-images.s3.amazonaws.com/Lilium_philadelphicum/images/Lilium_philadelphicum.496930.jpg,A3EPXUXQW7T8BL,18918,False,588,520,flower,2024-04-16,19:15:46,3CZH926SJVYKQUBYU1OT39O1H0C4EG,False
N.A.,Lilium_philadelphicum,9029903,319327,https://crowdcurio-experiment-images.s3.amazonaws.com/Lilium_philadelphicum/images/Lilium_philadelphicum.496929.jpg,A3EPXUXQW7T8BL,18918,False,794,438,flower,2024-04-16,19:16:00,3CZH926SJVYKQUBYU1OT39O1H0C4EG,False
N.A.,Lilium_philadelphicum,9029925,319327,https://crowdcurio-experiment-images.s3.amazonaws.com/Lilium_philadelphicum/images/Lilium_philadelphicum.496929.jpg,A3EPXUXQW7T8BL,18918,False,1140,442,flower,2024-04-16,19:16:02,3CZH926SJVYKQUBYU1OT39O1H0C4EG,False
N.A.,Lilium_philadelphicum,9029990,319322,https://crowdcurio-experiment-images.s3.amazonaws.com/Lilium_philadelphicum/images/Lilium_philadelphicum.496921.jpg,A3EPXUXQW7T8BL,18918,True,380,418,flower,2024-04-16,19:16:10,3CZH926SJVYKQUBYU1OT39O1H0C4EG,False
N.A.,Lilium_philadelphicum,9030003,319395,https://crowdcurio-experiment-images.s3.amazonaws.com/Lilium_philadelphicum/images/Lilium_philadelphicum.16901462.jpg,A38UUB83BIPIUR,19792,False,468,384,flower,2024-04-16,19:16:12,3CZH926SJVYKQUBYU1OT39O1H0C4EG,False
N.A.,Lilium_philadelphicum,9030084,319326,https://crowdcurio-experiment-images.s3.amazonaws.com/Lilium_philadelphicum/images/Lilium_philadelphicum.496928.jpg,A3EPXUXQW7T8BL,18918,False,1134,1566,flower,2024-04-16,19:16:23,3CZH926SJVYKQUBYU1OT39O1H0C4EG,False
N.A.,Lilium_philadelphicum,9030115,319325,https://crowdcurio-experiment-images.s3.amazonaws.com/Lilium_philadelphicum/images/Lilium_philadelphicum.496927.jpg,A38UUB83BIPIUR,19792,True,1072,1520,flower,2024-04-16,19:16:29,3CZH926SJVYKQUBYU1OT39O1H0C4EG,False
N.A.,Lilium_philadelphicum,9030211,319389,https://crowdcurio-experiment-images.s3.amazonaws.com/Lilium_philadelphicum/images/Lilium_philadelphicum.13820372.jpg,A3EPXUXQW7T8BL,18918,False,938.6666666666666,492,flower,2024-04-16,19:16:43,3CZH926SJVYKQUBYU1OT39O1H0C4EG,False
N.A.,Lilium_philadelphicum,9030278,319386,https://crowdcurio-experiment-images.s3.amazonaws.com/Lilium_philadelphicum/images/Lilium_philadelphicum.13820369.jpg,A3EPXUXQW7T8BL,18918,False,956,832,flower,2024-04-16,19:16:51,3CZH926SJVYKQUBYU1OT39O1H0C4EG,False
N.A.,Lilium_philadelphicum,9030289,319396,https://crowdcurio-experiment-images.s3.amazonaws.com/Lilium_philadelphicum/images/Lilium_philadelphicum.16902711.jpg,A38UUB83BIPIUR,19792,False,203.2,544,flower,2024-04-16,19:16:54,3CZH926SJVYKQUBYU1OT39O1H0C4EG,False
N.A.,Lilium_philadelphicum,9030326,319389,https://crowdcurio-experiment-images.s3.amazonaws.com/Lilium_philadelphicum/images/Lilium_philadelphicum.13820372.jpg,A3EPXUXQW7T8BL,18918,True,930,508,flower,2024-04-16,19:16:59,3CZH926SJVYKQUBYU1OT39O1H0C4EG,False
N.A.,Lilium_philadelphicum,9030359,319388,https://crowdcurio-experiment-images.s3.amazonaws.com/Lilium_philadelphicum/images/Lilium_philadelphicum.13820371.jpg,A3EPXUXQW7T8BL,18918,False,640,418,flower,2024-04-16,19:17:07,3CZH926SJVYKQUBYU1OT39O1H0C4EG,False
N.A.,Lilium_philadelphicum,9030374,319323,https://crowdcurio-experiment-images.s3.amazonaws.com/Lilium_philadelphicum/images/Lilium_philadelphicum.496922.jpg,A38UUB83BIPIUR,19792,False,923.2,448,flower,2024-04-16,19:17:10,3CZH926SJVYKQUBYU1OT39O1H0C4EG,False
N.A.,Lilium_philadelphicum,9030406,319383,https://crowdcurio-experiment-images.s3.amazonaws.com/Lilium_philadelphicum/images/Lilium_philadelphicum.13820366.jpg,A3EPXUXQW7T8BL,18918,False,256,1340,flower,2024-04-16,19:17:16,3CZH926SJVYKQUBYU1OT39O1H0C4EG,False
N.A.,Lilium_philadelphicum,9030451,319326,https://crowdcurio-experiment-images.s3.amazonaws.com/Lilium_philadelphicum/images/Lilium_philadelphicum.496928.jpg,A38UUB83BIPIUR,19792,False,1147.2,1680,flower,2024-04-16,19:17:23,3CZH926SJVYKQUBYU1OT39O1H0C4EG,False
N.A.,Lilium_philadelphicum,9030452,319385,https://crowdcurio-experiment-images.s3.amazonaws.com/Lilium_philadelphicum/images/Lilium_philadelphicum.13820368.jpg,A3EPXUXQW7T8BL,18918,False,398.6666666666667,533.3333333333334,flower,2024-04-16,19:17:23,3CZH926SJVYKQUBYU1OT39O1H0C4EG,False
N.A.,Lilium_philadelphicum,9030522,319391,https://crowdcurio-experiment-images.s3.amazonaws.com/Lilium_philadelphicum/images/Lilium_philadelphicum.13820374.jpg,A3EPXUXQW7T8BL,18918,False,644,680,flower,2024-04-16,19:17:33,3CZH926SJVYKQUBYU1OT39O1H0C4EG,False
N.A.,Lilium_philadelphicum,9030546,319328,https://crowdcurio-experiment-images.s3.amazonaws.com/Lilium_philadelphicum/images/Lilium_philadelphicum.496930.jpg,A38UUB83BIPIUR,19792,False,795.2,544,flower,2024-04-16,19:17:36,3CZH926SJVYKQUBYU1OT39O1H0C4EG,False
N.A.,Lilium_philadelphicum,9030597,319384,https://crowdcurio-experiment-images.s3.amazonaws.com/Lilium_philadelphicum/images/Lilium_philadelphicum.13820367.jpg,A3EPXUXQW7T8BL,18918,False,928,492,flower,2024-04-16,19:17:41,3CZH926SJVYKQUBYU1OT39O1H0C4EG,False
N.A.,Lilium_philadelphicum,9030644,319322,https://crowdcurio-experiment-images.s3.amazonaws.com/Lilium_philadelphicum/images/Lilium_philadelphicum.496921.jpg,A38UUB83BIPIUR,19792,False,343.2,392,flower,2024-04-16,19:17:48,3CZH926SJVYKQUBYU1OT39O1H0C4EG,False
N.A.,Lilium_philadelphicum,9030650,319387,https://crowdcurio-experiment-images.s3.amazonaws.com/Lilium_philadelphicum/images/Lilium_philadelphicum.13820370.jpg,A3EPXUXQW7T8BL,18918,False,904,432,flower,2024-04-16,19:17:49,3CZH926SJVYKQUBYU1OT39O1H0C4EG,False
N.A.,Lilium_philadelphicum,9030691,319390,https://crowdcurio-experiment-images.s3.amazonaws.com/Lilium_philadelphicum/images/Lilium_philadelphicum.13820373.jpg,A3EPXUXQW7T8BL,18918,False,618,586,flower,2024-04-16,19:17:57,3CZH926SJVYKQUBYU1OT39O1H0C4EG,False
N.A.,Lilium_philadelphicum,9030761,319394,https://crowdcurio-experiment-images.s3.amazonaws.com/Lilium_philadelphicum/images/Lilium_philadelphicum.16901461.jpg,A38UUB83BIPIUR,19792,False,928,752,flower,2024-04-16,19:18:07,3CZH926SJVYKQUBYU1OT39O1H0C4EG,False
N.A.,Lilium_philadelphicum,9030805,319368,https://crowdcurio-experiment-images.s3.amazonaws.com/Lilium_philadelphicum/images/Lilium_philadelphicum.4119209.jpg,A3EPXUXQW7T8BL,18918,False,698,426,flower,2024-04-16,19:18:15,3CZH926SJVYKQUBYU1OT39O1H0C4EG,False
N.A.,Lilium_philadelphicum,9030816,319398,https://crowdcurio-experiment-images.s3.amazonaws.com/Lilium_philadelphicum/images/Lilium_philadelphicum.21623389.jpg,A38UUB83BIPIUR,19792,False,528,692,flower,2024-04-16,19:18:16,3CZH926SJVYKQUBYU1OT39O1H0C4EG,False
N.A.,Lilium_philadelphicum,9030859,319369,https://crowdcurio-experiment-images.s3.amazonaws.com/Lilium_philadelphicum/images/Lilium_philadelphicum.4570538.jpg,A3EPXUXQW7T8BL,18918,False,442,442,flower,2024-04-16,19:18:23,3CZH926SJVYKQUBYU1OT39O1H0C4EG,False
N.A.,Lilium_philadelphicum,9030908,319400,https://crowdcurio-experiment-images.s3.amazonaws.com/Lilium_philadelphicum/images/Lilium_philadelphicum.27163776.jpg,A38UUB83BIPIUR,19792,False,779.2,832,flower,2024-04-16,19:18:30,3CZH926SJVYKQUBYU1OT39O1H0C4EG,False
N.A.,Lilium_philadelphicum,9030971,319367,https://crowdcurio-experiment-images.s3.amazonaws.com/Lilium_philadelphicum/images/Lilium_philadelphicum.4119208.jpg,A3EPXUXQW7T8BL,18918,False,1108,348,flower,2024-04-16,19:18:39,3CZH926SJVYKQUBYU1OT39O1H0C4EG,False
N.A.,Lilium_philadelphicum,9030986,319367,https://crowdcurio-experiment-images.s3.amazonaws.com/Lilium_philadelphicum/images/Lilium_philadelphicum.4119208.jpg,A3EPXUXQW7T8BL,18918,False,632,380,flower,2024-04-16,19:18:40,3CZH926SJVYKQUBYU1OT39O1H0C4EG,False
N.A.,Lilium_philadelphicum,9030994,319367,https://crowdcurio-experiment-images.s3.amazonaws.com/Lilium_philadelphicum/images/Lilium_philadelphicum.4119208.jpg,A3EPXUXQW7T8BL,18918,False,260,408,flower,2024-04-16,19:18:41,3CZH926SJVYKQUBYU1OT39O1H0C4EG,False
N.A.,Lilium_philadelphicum,9031004,319382,https://crowdcurio-experiment-images.s3.amazonaws.com/Lilium_philadelphicum/images/Lilium_philadelphicum.13820365.jpg,A38UUB83BIPIUR,19792,False,763.2,512,flower,2024-04-16,19:18:42,3CZH926SJVYKQUBYU1OT39O1H0C4EG,False
N.A.,Lilium_philadelphicum,9031079,319392,https://crowdcurio-experiment-images.s3.amazonaws.com/Lilium_philadelphicum/images/Lilium_philadelphicum.13821797.jpg,A38UUB83BIPIUR,19792,False,507.2,448,flower,2024-04-16,19:18:53,3CZH926SJVYKQUBYU1OT39O1H0C4EG,False
N.A.,Lilium_philadelphicum,9031106,319373,https://crowdcurio-experiment-images.s3.amazonaws.com/Lilium_philadelphicum/images/Lilium_philadelphicum.4840941.jpg,A3EPXUXQW7T8BL,18918,False,472,416,flower,2024-04-16,19:18:56,3CZH926SJVYKQUBYU1OT39O1H0C4EG,False
N.A.,Lilium_philadelphicum,9031112,319373,https://crowdcurio-experiment-images.s3.amazonaws.com/Lilium_philadelphicum/images/Lilium_philadelphicum.4840941.jpg,A3EPXUXQW7T8BL,18918,False,272,980,flower,2024-04-16,19:18:56,3CZH926SJVYKQUBYU1OT39O1H0C4EG,False
N.A.,Lilium_philadelphicum,9031176,319399,https://crowdcurio-experiment-images.s3.amazonaws.com/Lilium_philadelphicum/images/Lilium_philadelphicum.25160037.jpg,A38UUB83BIPIUR,19792,False,243.2,197.6,flower,2024-04-16,19:19:07,3CZH926SJVYKQUBYU1OT39O1H0C4EG,False
N.A.,Lilium_philadelphicum,9031178,319365,https://crowdcurio-experiment-images.s3.amazonaws.com/Lilium_philadelphicum/images/Lilium_philadelphicum.4063667.jpg,A3EPXUXQW7T8BL,18918,False,1068,740,flower,2024-04-16,19:19:07,3CZH926SJVYKQUBYU1OT39O1H0C4EG,False
N.A.,Lilium_philadelphicum,9031185,319365,https://crowdcurio-experiment-images.s3.amazonaws.com/Lilium_philadelphicum/images/Lilium_philadelphicum.4063667.jpg,A3EPXUXQW7T8BL,18918,False,872,324,flower,2024-04-16,19:19:08,3CZH926SJVYKQUBYU1OT39O1H0C4EG,False
N.A.,Lilium_philadelphicum,9031207,319365,https://crowdcurio-experiment-images.s3.amazonaws.com/Lilium_philadelphicum/images/Lilium_philadelphicum.4063667.jpg,A3EPXUXQW7T8BL,18918,False,352,1006,flower,2024-04-16,19:19:11,3CZH926SJVYKQUBYU1OT39O1H0C4EG,False
N.A.,Lilium_philadelphicum,9031279,319366,https://crowdcurio-experiment-images.s3.amazonaws.com/Lilium_philadelphicum/images/Lilium_philadelphicum.4063668.jpg,A3EPXUXQW7T8BL,18918,False,312,720,flower,2024-04-16,19:19:20,3CZH926SJVYKQUBYU1OT39O1H0C4EG,False
N.A.,Lilium_philadelphicum,9031300,319381,https://crowdcurio-experiment-images.s3.amazonaws.com/Lilium_philadelphicum/images/Lilium_philadelphicum.13820364.jpg,A38UUB83BIPIUR,19792,False,699.2,416,flower,2024-04-16,19:19:24,3CZH926SJVYKQUBYU1OT39O1H0C4EG,False
N.A.,Lilium_philadelphicum,9031347,319370,https://crowdcurio-experiment-images.s3.amazonaws.com/Lilium_philadelphicum/images/Lilium_philadelphicum.4713571.jpg,A3EPXUXQW7T8BL,18918,False,636,1736,flower,2024-04-16,19:19:30,3CZH926SJVYKQUBYU1OT39O1H0C4EG,False
N.A.,Lilium_philadelphicum,9031358,319370,https://crowdcurio-experiment-images.s3.amazonaws.com/Lilium_philadelphicum/images/Lilium_philadelphicum.4713571.jpg,A3EPXUXQW7T8BL,18918,False,176,1620,flower,2024-04-16,19:19:31,3CZH926SJVYKQUBYU1OT39O1H0C4EG,False
N.A.,Lilium_philadelphicum,9031397,319393,https://crowdcurio-experiment-images.s3.amazonaws.com/Lilium_philadelphicum/images/Lilium_philadelphicum.16901460.jpg,A38UUB83BIPIUR,19792,False,944,640,flower,2024-04-16,19:19:36,3CZH926SJVYKQUBYU1OT39O1H0C4EG,False
N.A.,Lilium_philadelphicum,9031418,319367,https://crowdcurio-experiment-images.s3.amazonaws.com/Lilium_philadelphicum/images/Lilium_philadelphicum.4119208.jpg,A3EPXUXQW7T8BL,18918,True,1124,364,flower,2024-04-16,19:19:38,3CZH926SJVYKQUBYU1OT39O1H0C4EG,False
N.A.,Lilium_philadelphicum,9031427,319367,https://crowdcurio-experiment-images.s3.amazonaws.com/Lilium_philadelphicum/images/Lilium_philadelphicum.4119208.jpg,A3EPXUXQW7T8BL,18918,True,656,404,flower,2024-04-16,19:19:39,3CZH926SJVYKQUBYU1OT39O1H0C4EG,False
N.A.,Lilium_philadelphicum,9031436,319367,https://crowdcurio-experiment-images.s3.amazonaws.com/Lilium_philadelphicum/images/Lilium_philadelphicum.4119208.jpg,A3EPXUXQW7T8BL,18918,True,262,398,flower,2024-04-16,19:19:40,3CZH926SJVYKQUBYU1OT39O1H0C4EG,False
N.A.,Lilium_philadelphicum,9031491,319381,https://crowdcurio-experiment-images.s3.amazonaws.com/Lilium_philadelphicum/images/Lilium_philadelphicum.13820364.jpg,A38UUB83BIPIUR,19792,True,816,448,flower,2024-04-16,19:19:46,3CZH926SJVYKQUBYU1OT39O1H0C4EG,False
N.A.,Lilium_philadelphicum,9031516,319372,https://crowdcurio-experiment-images.s3.amazonaws.com/Lilium_philadelphicum/images/Lilium_philadelphicum.4749427.jpg,A3EPXUXQW7T8BL,18918,False,724,444,flower,2024-04-16,19:19:50,3CZH926SJVYKQUBYU1OT39O1H0C4EG,False
N.A.,Lilium_philadelphicum,9031594,319371,https://crowdcurio-experiment-images.s3.amazonaws.com/Lilium_philadelphicum/images/Lilium_philadelphicum.4749420.jpg,A3EPXUXQW7T8BL,18918,False,756,384,flower,2024-04-16,19:19:57,3CZH926SJVYKQUBYU1OT39O1H0C4EG,False
N.A.,Lilium_philadelphicum,9031603,319397,https://crowdcurio-experiment-images.s3.amazonaws.com/Lilium_philadelphicum/images/Lilium_philadelphicum.16903360.jpg,A38UUB83BIPIUR,19792,False,499.2,328,flower,2024-04-16,19:19:58,3CZH926SJVYKQUBYU1OT39O1H0C4EG,False
N.A.,Lilium_philadelphicum,9031738,319375,https://crowdcurio-experiment-images.s3.amazonaws.com/Lilium_philadelphicum/images/Lilium_philadelphicum.13051385.jpg,A38UUB83BIPIUR,19792,False,371.2,360,flower,2024-04-16,19:20:18,3CZH926SJVYKQUBYU1OT39O1H0C4EG,False
N.A.,Lilium_philadelphicum,9031825,319363,https://crowdcurio-experiment-images.s3.amazonaws.com/Lilium_philadelphicum/images/Lilium_philadelphicum.4019894.jpg,A38UUB83BIPIUR,19792,False,1056,216,flower,2024-04-16,19:20:30,3CZH926SJVYKQUBYU1OT39O1H0C4EG,False
N.A.,Lilium_philadelphicum,9031936,319379,https://crowdcurio-experiment-images.s3.amazonaws.com/Lilium_philadelphicum/images/Lilium_philadelphicum.13820358.jpg,A38UUB83BIPIUR,19792,False,944,320,flower,2024-04-16,19:20:44,3CZH926SJVYKQUBYU1OT39O1H0C4EG,False
N.A.,Lilium_philadelphicum,9032019,319377,https://crowdcurio-experiment-images.s3.amazonaws.com/Lilium_philadelphicum/images/Lilium_philadelphicum.13820355.jpg,A38UUB83BIPIUR,19792,False,275.2,296,flower,2024-04-16,19:20:54,3CZH926SJVYKQUBYU1OT39O1H0C4EG,False
N.A.,Lilium_philadelphicum,9032118,319374,https://crowdcurio-experiment-images.s3.amazonaws.com/Lilium_philadelphicum/images/Lilium_philadelphicum.8076395.jpg,A38UUB83BIPIUR,19792,False,699.2,704,flower,2024-04-16,19:21:07,3CZH926SJVYKQUBYU1OT39O1H0C4EG,False
N.A.,Lilium_philadelphicum,9032216,319380,https://crowdcurio-experiment-images.s3.amazonaws.com/Lilium_philadelphicum/images/Lilium_philadelphicum.13820362.jpg,A38UUB83BIPIUR,19792,False,771.2,336,flower,2024-04-16,19:21:20,3CZH926SJVYKQUBYU1OT39O1H0C4EG,False
N.A.,Lilium_philadelphicum,9032462,319376,https://crowdcurio-experiment-images.s3.amazonaws.com/Lilium_philadelphicum/images/Lilium_philadelphicum.13820354.jpg,A38UUB83BIPIUR,19792,False,763.2,512,flower,2024-04-16,19:21:59,3CZH926SJVYKQUBYU1OT39O1H0C4EG,False
N.A.,Lilium_philadelphicum,9032468,319376,https://crowdcurio-experiment-images.s3.amazonaws.com/Lilium_philadelphicum/images/Lilium_philadelphicum.13820354.jpg,A38UUB83BIPIUR,19792,False,843.2,320,flower,2024-04-16,19:22:00,3CZH926SJVYKQUBYU1OT39O1H0C4EG,False
N.A.,Lilium_philadelphicum,9032556,319378,https://crowdcurio-experiment-images.s3.amazonaws.com/Lilium_philadelphicum/images/Lilium_philadelphicum.13820357.jpg,A38UUB83BIPIUR,19792,False,1019.2,400,flower,2024-04-16,19:22:11,3CZH926SJVYKQUBYU1OT39O1H0C4EG,False
N.A.,Lilium_philadelphicum,9032616,319364,https://crowdcurio-experiment-images.s3.amazonaws.com/Lilium_philadelphicum/images/Lilium_philadelphicum.4063666.jpg,A38UUB83BIPIUR,19792,False,824,240,flower,2024-04-16,19:22:21,3CZH926SJVYKQUBYU1OT39O1H0C4EG,False
N.A.,Lilium_philadelphicum,9032889,319374,https://crowdcurio-experiment-images.s3.amazonaws.com/Lilium_philadelphicum/images/Lilium_philadelphicum.8076395.jpg,A38UUB83BIPIUR,19792,True,715.2,672,flower,2024-04-16,19:23:05,3CZH926SJVYKQUBYU1OT39O1H0C4EG,False
N.A.,Lilium_philadelphicum,9033111,319358,https://crowdcurio-experiment-images.s3.amazonaws.com/Lilium_philadelphicum/images/Lilium_philadelphicum.4010917.jpg,A38UUB83BIPIUR,19792,False,952,288,flower,2024-04-16,19:23:35,3CZH926SJVYKQUBYU1OT39O1H0C4EG,False
N.A.,Lilium_philadelphicum,9033184,319362,https://crowdcurio-experiment-images.s3.amazonaws.com/Lilium_philadelphicum/images/Lilium_philadelphicum.4019893.jpg,A38UUB83BIPIUR,19792,False,992,256,flower,2024-04-16,19:23:47,3CZH926SJVYKQUBYU1OT39O1H0C4EG,False
N.A.,Lilium_philadelphicum,9033262,319357,https://crowdcurio-experiment-images.s3.amazonaws.com/Lilium_philadelphicum/images/Lilium_philadelphicum.3509423.jpg,A38UUB83BIPIUR,19792,False,1040,233.6,flower,2024-04-16,19:23:57,3CZH926SJVYKQUBYU1OT39O1H0C4EG,False
N.A.,Lilium_philadelphicum,9033313,319359,https://crowdcurio-experiment-images.s3.amazonaws.com/Lilium_philadelphicum/images/Lilium_philadelphicum.4010918.jpg,A38UUB83BIPIUR,19792,False,690,380,flower,2024-04-16,19:24:04,3CZH926SJVYKQUBYU1OT39O1H0C4EG,False
N.A.,Lilium_philadelphicum,9033390,319354,https://crowdcurio-experiment-images.s3.amazonaws.com/Lilium_philadelphicum/images/Lilium_philadelphicum.3107537.jpg,A38UUB83BIPIUR,19792,False,707.2,692,flower,2024-04-16,19:24:14,3CZH926SJVYKQUBYU1OT39O1H0C4EG,False
N.A.,Lilium_philadelphicum,9033468,319359,https://crowdcurio-experiment-images.s3.amazonaws.com/Lilium_philadelphicum/images/Lilium_philadelphicum.4010918.jpg,A38UUB83BIPIUR,19792,True,635.2,416,flower,2024-04-16,19:24:27,3CZH926SJVYKQUBYU1OT39O1H0C4EG,False
N.A.,Lilium_philadelphicum,9033564,319355,https://crowdcurio-experiment-images.s3.amazonaws.com/Lilium_philadelphicum/images/Lilium_philadelphicum.3107538.jpg,A38UUB83BIPIUR,19792,False,739.2,364,flower,2024-04-16,19:24:40,3CZH926SJVYKQUBYU1OT39O1H0C4EG,False
N.A.,Lilium_philadelphicum,9033625,319361,https://crowdcurio-experiment-images.s3.amazonaws.com/Lilium_philadelphicum/images/Lilium_philadelphicum.4019892.jpg,A38UUB83BIPIUR,19792,False,1051.2,352,flower,2024-04-16,19:24:49,3CZH926SJVYKQUBYU1OT39O1H0C4EG,False
N.A.,Lilium_philadelphicum,9033691,319356,https://crowdcurio-experiment-images.s3.amazonaws.com/Lilium_philadelphicum/images/Lilium_philadelphicum.3112322.jpg,A38UUB83BIPIUR,19792,False,1198.4,1097.6,flower,2024-04-16,19:24:59,3CZH926SJVYKQUBYU1OT39O1H0C4EG,False
N.A.,Lilium_philadelphicum,9033787,319360,https://crowdcurio-experiment-images.s3.amazonaws.com/Lilium_philadelphicum/images/Lilium_philadelphicum.4019889.jpg,A38UUB83BIPIUR,19792,False,891.2,400,flower,2024-04-16,19:25:12,3CZH926SJVYKQUBYU1OT39O1H0C4EG,False
N.A.,Lilium_philadelphicum,9033914,319351,https://crowdcurio-experiment-images.s3.amazonaws.com/Lilium_philadelphicum/images/Lilium_philadelphicum.3059912.jpg,A38UUB83BIPIUR,19792,False,827.2,528,flower,2024-04-16,19:25:33,3CZH926SJVYKQUBYU1OT39O1H0C4EG,False
N.A.,Lilium_philadelphicum,9033983,319352,https://crowdcurio-experiment-images.s3.amazonaws.com/Lilium_philadelphicum/images/Lilium_philadelphicum.3059913.jpg,A38UUB83BIPIUR,19792,False,891.2,448,flower,2024-04-16,19:25:42,3CZH926SJVYKQUBYU1OT39O1H0C4EG,False
N.A.,Lilium_philadelphicum,9034042,319350,https://crowdcurio-experiment-images.s3.amazonaws.com/Lilium_philadelphicum/images/Lilium_philadelphicum.3059911.jpg,A38UUB83BIPIUR,19792,False,667.2,640,flower,2024-04-16,19:25:52,3CZH926SJVYKQUBYU1OT39O1H0C4EG,False
N.A.,Lilium_philadelphicum,9034539,319348,https://crowdcurio-experiment-images.s3.amazonaws.com/Lilium_philadelphicum/images/Lilium_philadelphicum.3045343.jpg,A38UUB83BIPIUR,19792,False,971.2,464,flower,2024-04-16,19:26:55,3CZH926SJVYKQUBYU1OT39O1H0C4EG,False
N.A.,Lilium_philadelphicum,9034546,319348,https://crowdcurio-experiment-images.s3.amazonaws.com/Lilium_philadelphicum/images/Lilium_philadelphicum.3045343.jpg,A38UUB83BIPIUR,19792,False,971.2,608,flower,2024-04-16,19:26:57,3CZH926SJVYKQUBYU1OT39O1H0C4EG,False
N.A.,Lilium_philadelphicum,9034599,319349,https://crowdcurio-experiment-images.s3.amazonaws.com/Lilium_philadelphicum/images/Lilium_philadelphicum.3052817.jpg,A38UUB83BIPIUR,19792,False,984,1168,flower,2024-04-16,19:27:06,3CZH926SJVYKQUBYU1OT39O1H0C4EG,False
N.A.,Lilium_philadelphicum,9034689,319347,https://crowdcurio-experiment-images.s3.amazonaws.com/Lilium_philadelphicum/images/Lilium_philadelphicum.3041963.jpg,A38UUB83BIPIUR,19792,False,644,740,flower,2024-04-16,19:27:17,3CZH926SJVYKQUBYU1OT39O1H0C4EG,False
N.A.,Lilium_philadelphicum,9034801,319337,https://crowdcurio-experiment-images.s3.amazonaws.com/Lilium_philadelphicum/images/Lilium_philadelphicum.1431313.jpg,A38UUB83BIPIUR,19792,False,864,1216,flower,2024-04-16,19:27:28,3CZH926SJVYKQUBYU1OT39O1H0C4EG,False
N.A.,Lilium_philadelphicum,9034885,319349,https://crowdcurio-experiment-images.s3.amazonaws.com/Lilium_philadelphicum/images/Lilium_philadelphicum.3052817.jpg,A38UUB83BIPIUR,19792,True,1012,1156,flower,2024-04-16,19:27:40,3CZH926SJVYKQUBYU1OT39O1H0C4EG,False
N.A.,Lilium_philadelphicum,9034992,319336,https://crowdcurio-experiment-images.s3.amazonaws.com/Lilium_philadelphicum/images/Lilium_philadelphicum.1411765.jpg,A38UUB83BIPIUR,19792,False,411.2,544,flower,2024-04-16,19:27:51,3CZH926SJVYKQUBYU1OT39O1H0C4EG,False
N.A.,Lilium_philadelphicum,9035080,319353,https://crowdcurio-experiment-images.s3.amazonaws.com/Lilium_philadelphicum/images/Lilium_philadelphicum.3059994.jpg,A38UUB83BIPIUR,19792,False,816,644,flower,2024-04-16,19:28:06,3CZH926SJVYKQUBYU1OT39O1H0C4EG,False
N.A.,Lilium_philadelphicum,9035283,319335,https://crowdcurio-experiment-images.s3.amazonaws.com/Lilium_philadelphicum/images/Lilium_philadelphicum.1409845.jpg,A38UUB83BIPIUR,19792,False,1016,416,flower,2024-04-16,19:28:29,3CZH926SJVYKQUBYU1OT39O1H0C4EG,False
N.A.,Lilium_philadelphicum,9035343,319329,https://crowdcurio-experiment-images.s3.amazonaws.com/Lilium_philadelphicum/images/Lilium_philadelphicum.496931.jpg,A38UUB83BIPIUR,19792,False,643.2,456,flower,2024-04-16,19:28:37,3CZH926SJVYKQUBYU1OT39O1H0C4EG,False
N.A.,Lilium_philadelphicum,9035418,319391,https://crowdcurio-experiment-images.s3.amazonaws.com/Lilium_philadelphicum/images/Lilium_philadelphicum.13820374.jpg,A38UUB83BIPIUR,19792,False,571.2,656,flower,2024-04-16,19:28:51,3CZH926SJVYKQUBYU1OT39O1H0C4EG,False
N.A.,Lilium_philadelphicum,9035497,319329,https://crowdcurio-experiment-images.s3.amazonaws.com/Lilium_philadelphicum/images/Lilium_philadelphicum.496931.jpg,A38UUB83BIPIUR,19792,True,675.2,384,flower,2024-04-16,19:29:02,3CZH926SJVYKQUBYU1OT39O1H0C4EG,False
N.A.,Lilium_philadelphicum,9035618,319331,https://crowdcurio-experiment-images.s3.amazonaws.com/Lilium_philadelphicum/images/Lilium_philadelphicum.1386757.jpg,A38UUB83BIPIUR,19792,False,267.2,528,flower,2024-04-16,19:29:17,3CZH926SJVYKQUBYU1OT39O1H0C4EG,False
N.A.,Lilium_philadelphicum,9035729,319334,https://crowdcurio-experiment-images.s3.amazonaws.com/Lilium_philadelphicum/images/Lilium_philadelphicum.1398784.jpg,A38UUB83BIPIUR,19792,False,408,1400,flower,2024-04-16,19:29:31,3CZH926SJVYKQUBYU1OT39O1H0C4EG,False
N.A.,Lilium_philadelphicum,9035865,319333,https://crowdcurio-experiment-images.s3.amazonaws.com/Lilium_philadelphicum/images/Lilium_philadelphicum.1398697.jpg,A38UUB83BIPIUR,19792,False,275.2,960,flower,2024-04-16,19:29:47,3CZH926SJVYKQUBYU1OT39O1H0C4EG,False
N.A.,Lilium_philadelphicum,9035953,319384,https://crowdcurio-experiment-images.s3.amazonaws.com/Lilium_philadelphicum/images/Lilium_philadelphicum.13820367.jpg,A38UUB83BIPIUR,19792,False,1051.2,480,flower,2024-04-16,19:29:59,3CZH926SJVYKQUBYU1OT39O1H0C4EG,False
N.A.,Lilium_philadelphicum,9036042,319330,https://crowdcurio-experiment-images.s3.amazonaws.com/Lilium_philadelphicum/images/Lilium_philadelphicum.1127947.jpg,A38UUB83BIPIUR,19792,False,1008,1000,flower,2024-04-16,19:30:11,3CZH926SJVYKQUBYU1OT39O1H0C4EG,False
N.A.,Lilium_philadelphicum,9036172,319332,https://crowdcurio-experiment-images.s3.amazonaws.com/Lilium_philadelphicum/images/Lilium_philadelphicum.1388303.jpg,A38UUB83BIPIUR,19792,False,603.2,224,flower,2024-04-16,19:30:32,3CZH926SJVYKQUBYU1OT39O1H0C4EG,False
N.A.,Lilium_philadelphicum,9062140,319380,https://crowdcurio-experiment-images.s3.amazonaws.com/Lilium_philadelphicum/images/Lilium_philadelphicum.13820362.jpg,A3NMD1F4A5H4XO,18968,False,903,570,flower,2024-04-16,20:54:06,3CZH926SJVYKQUBYU1OT39O1H0C4EG,False
N.A.,Lilium_philadelphicum,9062235,319374,https://crowdcurio-experiment-images.s3.amazonaws.com/Lilium_philadelphicum/images/Lilium_philadelphicum.8076395.jpg,A3NMD1F4A5H4XO,18968,False,1040,487,flower,2024-04-16,20:54:27,3CZH926SJVYKQUBYU1OT39O1H0C4EG,False
N.A.,Lilium_philadelphicum,9062298,319372,https://crowdcurio-experiment-images.s3.amazonaws.com/Lilium_philadelphicum/images/Lilium_philadelphicum.4749427.jpg,A3NMD1F4A5H4XO,18968,False,723,453,flower,2024-04-16,20:54:45,3CZH926SJVYKQUBYU1OT39O1H0C4EG,False
N.A.,Lilium_philadelphicum,9062332,319376,https://crowdcurio-experiment-images.s3.amazonaws.com/Lilium_philadelphicum/images/Lilium_philadelphicum.13820354.jpg,A3NMD1F4A5H4XO,18968,False,1050,426,flower,2024-04-16,20:54:54,3CZH926SJVYKQUBYU1OT39O1H0C4EG,False
N.A.,Lilium_philadelphicum,9062387,319373,https://crowdcurio-experiment-images.s3.amazonaws.com/Lilium_philadelphicum/images/Lilium_philadelphicum.4840941.jpg,A3NMD1F4A5H4XO,18968,False,1020,543,flower,2024-04-16,20:55:06,3CZH926SJVYKQUBYU1OT39O1H0C4EG,False
N.A.,Lilium_philadelphicum,9062453,319372,https://crowdcurio-experiment-images.s3.amazonaws.com/Lilium_philadelphicum/images/Lilium_philadelphicum.4749427.jpg,A3NMD1F4A5H4XO,18968,True,924,504,flower,2024-04-16,20:55:17,3CZH926SJVYKQUBYU1OT39O1H0C4EG,False
N.A.,Lilium_philadelphicum,9062520,319379,https://crowdcurio-experiment-images.s3.amazonaws.com/Lilium_philadelphicum/images/Lilium_philadelphicum.13820358.jpg,A3NMD1F4A5H4XO,18968,False,1050,394,flower,2024-04-16,20:55:27,3CZH926SJVYKQUBYU1OT39O1H0C4EG,False
N.A.,Lilium_philadelphicum,9062582,319375,https://crowdcurio-experiment-images.s3.amazonaws.com/Lilium_philadelphicum/images/Lilium_philadelphicum.13051385.jpg,A3NMD1F4A5H4XO,18968,False,1210,475,flower,2024-04-16,20:55:39,3CZH926SJVYKQUBYU1OT39O1H0C4EG,False
N.A.,Lilium_philadelphicum,9062622,319377,https://crowdcurio-experiment-images.s3.amazonaws.com/Lilium_philadelphicum/images/Lilium_philadelphicum.13820355.jpg,A3NMD1F4A5H4XO,18968,False,1140,466,flower,2024-04-16,20:55:49,3CZH926SJVYKQUBYU1OT39O1H0C4EG,False
N.A.,Lilium_philadelphicum,9062662,319378,https://crowdcurio-experiment-images.s3.amazonaws.com/Lilium_philadelphicum/images/Lilium_philadelphicum.13820357.jpg,A3NMD1F4A5H4XO,18968,False,879,499,flower,2024-04-16,20:55:58,3CZH926SJVYKQUBYU1OT39O1H0C4EG,False
N.A.,Lilium_philadelphicum,9062795,319363,https://crowdcurio-experiment-images.s3.amazonaws.com/Lilium_philadelphicum/images/Lilium_philadelphicum.4019894.jpg,A3NMD1F4A5H4XO,18968,False,960,583,flower,2024-04-16,20:56:19,3CZH926SJVYKQUBYU1OT39O1H0C4EG,False
N.A.,Lilium_philadelphicum,9062883,319364,https://crowdcurio-experiment-images.s3.amazonaws.com/Lilium_philadelphicum/images/Lilium_philadelphicum.4063666.jpg,A3NMD1F4A5H4XO,18968,False,843,531,flower,2024-04-16,20:56:32,3CZH926SJVYKQUBYU1OT39O1H0C4EG,False
N.A.,Lilium_philadelphicum,9063058,319368,https://crowdcurio-experiment-images.s3.amazonaws.com/Lilium_philadelphicum/images/Lilium_philadelphicum.4119209.jpg,A3NMD1F4A5H4XO,18968,False,1040,427,flower,2024-04-16,20:57:02,3CZH926SJVYKQUBYU1OT39O1H0C4EG,False
N.A.,Lilium_philadelphicum,9063130,319370,https://crowdcurio-experiment-images.s3.amazonaws.com/Lilium_philadelphicum/images/Lilium_philadelphicum.4713571.jpg,A3NMD1F4A5H4XO,18968,False,915,372,flower,2024-04-16,20:57:15,3CZH926SJVYKQUBYU1OT39O1H0C4EG,False
N.A.,Lilium_philadelphicum,9063181,319371,https://crowdcurio-experiment-images.s3.amazonaws.com/Lilium_philadelphicum/images/Lilium_philadelphicum.4749420.jpg,A3NMD1F4A5H4XO,18968,False,792,349,flower,2024-04-16,20:57:23,3CZH926SJVYKQUBYU1OT39O1H0C4EG,False
N.A.,Lilium_philadelphicum,9063302,319367,https://crowdcurio-experiment-images.s3.amazonaws.com/Lilium_philadelphicum/images/Lilium_philadelphicum.4119208.jpg,A3NMD1F4A5H4XO,18968,False,1150,579,flower,2024-04-16,20:57:47,3CZH926SJVYKQUBYU1OT39O1H0C4EG,False
N.A.,Lilium_philadelphicum,9063434,319370,https://crowdcurio-experiment-images.s3.amazonaws.com/Lilium_philadelphicum/images/Lilium_philadelphicum.4713571.jpg,A3NMD1F4A5H4XO,18968,True,1170,399,flower,2024-04-16,20:58:17,3CZH926SJVYKQUBYU1OT39O1H0C4EG,False
N.A.,Lilium_philadelphicum,9063559,319366,https://crowdcurio-experiment-images.s3.amazonaws.com/Lilium_philadelphicum/images/Lilium_philadelphicum.4063668.jpg,A3NMD1F4A5H4XO,18968,False,1130,475,flower,2024-04-16,20:58:41,3CZH926SJVYKQUBYU1OT39O1H0C4EG,False
N.A.,Lilium_philadelphicum,9063596,319365,https://crowdcurio-experiment-images.s3.amazonaws.com/Lilium_philadelphicum/images/Lilium_philadelphicum.4063667.jpg,A3NMD1F4A5H4XO,18968,False,819,568,flower,2024-04-16,20:58:45,3CZH926SJVYKQUBYU1OT39O1H0C4EG,False
N.A.,Lilium_philadelphicum,9063659,319360,https://crowdcurio-experiment-images.s3.amazonaws.com/Lilium_philadelphicum/images/Lilium_philadelphicum.4019889.jpg,A3NMD1F4A5H4XO,18968,False,1010,507,flower,2024-04-16,20:59:05,3CZH926SJVYKQUBYU1OT39O1H0C4EG,False
N.A.,Lilium_philadelphicum,9064165,319359,https://crowdcurio-experiment-images.s3.amazonaws.com/Lilium_philadelphicum/images/Lilium_philadelphicum.4010918.jpg,A3NMD1F4A5H4XO,18968,False,1000,451,flower,2024-04-16,21:00:52,3CZH926SJVYKQUBYU1OT39O1H0C4EG,False
N.A.,Lilium_philadelphicum,9064194,319357,https://crowdcurio-experiment-images.s3.amazonaws.com/Lilium_philadelphicum/images/Lilium_philadelphicum.3509423.jpg,A3NMD1F4A5H4XO,18968,False,787,322,flower,2024-04-16,21:00:57,3CZH926SJVYKQUBYU1OT39O1H0C4EG,False
N.A.,Lilium_philadelphicum,9064381,319362,https://crowdcurio-experiment-images.s3.amazonaws.com/Lilium_philadelphicum/images/Lilium_philadelphicum.4019893.jpg,A3NMD1F4A5H4XO,18968,False,1020,501,flower,2024-04-16,21:01:35,3CZH926SJVYKQUBYU1OT39O1H0C4EG,False
N.A.,Lilium_philadelphicum,9064430,319356,https://crowdcurio-experiment-images.s3.amazonaws.com/Lilium_philadelphicum/images/Lilium_philadelphicum.3112322.jpg,A3NMD1F4A5H4XO,18968,False,553,445,flower,2024-04-16,21:01:45,3CZH926SJVYKQUBYU1OT39O1H0C4EG,False
N.A.,Lilium_philadelphicum,9064483,319359,https://crowdcurio-experiment-images.s3.amazonaws.com/Lilium_philadelphicum/images/Lilium_philadelphicum.4010918.jpg,A3NMD1F4A5H4XO,18968,True,979,442,flower,2024-04-16,21:01:56,3CZH926SJVYKQUBYU1OT39O1H0C4EG,False
N.A.,Lilium_philadelphicum,9064518,319354,https://crowdcurio-experiment-images.s3.amazonaws.com/Lilium_philadelphicum/images/Lilium_philadelphicum.3107537.jpg,A3NMD1F4A5H4XO,18968,False,912,439,flower,2024-04-16,21:02:05,3CZH926SJVYKQUBYU1OT39O1H0C4EG,False
N.A.,Lilium_philadelphicum,9064555,319355,https://crowdcurio-experiment-images.s3.amazonaws.com/Lilium_philadelphicum/images/Lilium_philadelphicum.3107538.jpg,A3NMD1F4A5H4XO,18968,False,883,441,flower,2024-04-16,21:02:14,3CZH926SJVYKQUBYU1OT39O1H0C4EG,False
N.A.,Lilium_philadelphicum,9064573,319358,https://crowdcurio-experiment-images.s3.amazonaws.com/Lilium_philadelphicum/images/Lilium_philadelphicum.4010917.jpg,A3NMD1F4A5H4XO,18968,False,1020,391,flower,2024-04-16,21:02:20,3CZH926SJVYKQUBYU1OT39O1H0C4EG,False
N.A.,Lilium_philadelphicum,9064748,319361,https://crowdcurio-experiment-images.s3.amazonaws.com/Lilium_philadelphicum/images/Lilium_philadelphicum.4019892.jpg,A3NMD1F4A5H4XO,18968,False,1100,450,flower,2024-04-16,21:03:12,3CZH926SJVYKQUBYU1OT39O1H0C4EG,False
N.A.,Lilium_philadelphicum,9064824,319349,https://crowdcurio-experiment-images.s3.amazonaws.com/Lilium_philadelphicum/images/Lilium_philadelphicum.3052817.jpg,A3NMD1F4A5H4XO,18968,False,826,546,flower,2024-04-16,21:03:33,3CZH926SJVYKQUBYU1OT39O1H0C4EG,False
N.A.,Lilium_philadelphicum,9065227,319350,https://crowdcurio-experiment-images.s3.amazonaws.com/Lilium_philadelphicum/images/Lilium_philadelphicum.3059911.jpg,A3NMD1F4A5H4XO,18968,False,600,700,flower,2024-04-16,21:04:40,3CZH926SJVYKQUBYU1OT39O1H0C4EG,False
N.A.,Lilium_philadelphicum,9065311,319353,https://crowdcurio-experiment-images.s3.amazonaws.com/Lilium_philadelphicum/images/Lilium_philadelphicum.3059994.jpg,A3NMD1F4A5H4XO,18968,False,984,432,flower,2024-04-16,21:04:55,3CZH926SJVYKQUBYU1OT39O1H0C4EG,False
N.A.,Lilium_philadelphicum,9065342,319351,https://crowdcurio-experiment-images.s3.amazonaws.com/Lilium_philadelphicum/images/Lilium_philadelphicum.3059912.jpg,A3NMD1F4A5H4XO,18968,False,957,610,flower,2024-04-16,21:05:04,3CZH926SJVYKQUBYU1OT39O1H0C4EG,False
N.A.,Lilium_philadelphicum,9065431,319341,https://crowdcurio-experiment-images.s3.amazonaws.com/Lilium_philadelphicum/images/Lilium_philadelphicum.1448947.jpg,A3NMD1F4A5H4XO,18968,False,783,453,flower,2024-04-16,21:05:24,3CZH926SJVYKQUBYU1OT39O1H0C4EG,False
N.A.,Lilium_philadelphicum,9065488,319340,https://crowdcurio-experiment-images.s3.amazonaws.com/Lilium_philadelphicum/images/Lilium_philadelphicum.1439838.jpg,A3NMD1F4A5H4XO,18968,False,1030,396,flower,2024-04-16,21:05:36,3CZH926SJVYKQUBYU1OT39O1H0C4EG,False
N.A.,Lilium_philadelphicum,9065515,319353,https://crowdcurio-experiment-images.s3.amazonaws.com/Lilium_philadelphicum/images/Lilium_philadelphicum.3059994.jpg,A3NMD1F4A5H4XO,18968,True,834,396,flower,2024-04-16,21:05:43,3CZH926SJVYKQUBYU1OT39O1H0C4EG,False
N.A.,Lilium_philadelphicum,9065565,319347,https://crowdcurio-experiment-images.s3.amazonaws.com/Lilium_philadelphicum/images/Lilium_philadelphicum.3041963.jpg,A3NMD1F4A5H4XO,18968,False,772,432,flower,2024-04-16,21:05:57,3CZH926SJVYKQUBYU1OT39O1H0C4EG,False
N.A.,Lilium_philadelphicum,9065653,319352,https://crowdcurio-experiment-images.s3.amazonaws.com/Lilium_philadelphicum/images/Lilium_philadelphicum.3059913.jpg,A3NMD1F4A5H4XO,18968,False,793,384,flower,2024-04-16,21:06:13,3CZH926SJVYKQUBYU1OT39O1H0C4EG,False
N.A.,Lilium_philadelphicum,9065728,319348,https://crowdcurio-experiment-images.s3.amazonaws.com/Lilium_philadelphicum/images/Lilium_philadelphicum.3045343.jpg,A3NMD1F4A5H4XO,18968,False,1240,513,flower,2024-04-16,21:06:28,3CZH926SJVYKQUBYU1OT39O1H0C4EG,False
N.A.,Lilium_philadelphicum,9066579,319329,https://crowdcurio-experiment-images.s3.amazonaws.com/Lilium_philadelphicum/images/Lilium_philadelphicum.496931.jpg,A3NMD1F4A5H4XO,18968,False,1220,1180,flower,2024-04-16,21:09:09,3CZH926SJVYKQUBYU1OT39O1H0C4EG,False
N.A.,Lilium_philadelphicum,9067997,319329,https://crowdcurio-experiment-images.s3.amazonaws.com/Lilium_philadelphicum/images/Lilium_philadelphicum.496931.jpg,A3NMD1F4A5H4XO,18968,False,993,513,flower,2024-04-16,21:19:55,3CZH926SJVYKQUBYU1OT39O1H0C4EG,False
N.A.,Lilium_philadelphicum,9067171,319332,https://crowdcurio-experiment-images.s3.amazonaws.com/Lilium_philadelphicum/images/Lilium_philadelphicum.1388303.jpg,A3NMD1F4A5H4XO,18968,False,687,255,flower,2024-04-16,21:11:27,3CZH926SJVYKQUBYU1OT39O1H0C4EG,False
N.A.,Lilium_philadelphicum,9067175,319332,https://crowdcurio-experiment-images.s3.amazonaws.com/Lilium_philadelphicum/images/Lilium_philadelphicum.1388303.jpg,A3NMD1F4A5H4XO,18968,False,1050,301,flower,2024-04-16,21:11:28,3CZH926SJVYKQUBYU1OT39O1H0C4EG,False
N.A.,Lilium_philadelphicum,9067958,319332,https://crowdcurio-experiment-images.s3.amazonaws.com/Lilium_philadelphicum/images/Lilium_philadelphicum.1388303.jpg,A3NMD1F4A5H4XO,18968,False,1120,520,flower,2024-04-16,21:19:44,3CZH926SJVYKQUBYU1OT39O1H0C4EG,False
N.A.,Lilium_philadelphicum,9067656,319334,https://crowdcurio-experiment-images.s3.amazonaws.com/Lilium_philadelphicum/images/Lilium_philadelphicum.1398784.jpg,A3NMD1F4A5H4XO,18968,False,1096,326.4,flower,2024-04-16,21:18:28,3CZH926SJVYKQUBYU1OT39O1H0C4EG,False
N.A.,Lilium_philadelphicum,9067714,319330,https://crowdcurio-experiment-images.s3.amazonaws.com/Lilium_philadelphicum/images/Lilium_philadelphicum.1127947.jpg,A3NMD1F4A5H4XO,18968,False,844,351,flower,2024-04-16,21:18:43,3CZH926SJVYKQUBYU1OT39O1H0C4EG,False
N.A.,Lilium_philadelphicum,9067758,319331,https://crowdcurio-experiment-images.s3.amazonaws.com/Lilium_philadelphicum/images/Lilium_philadelphicum.1386757.jpg,A3NMD1F4A5H4XO,18968,False,1250,394,flower,2024-04-16,21:18:56,3CZH926SJVYKQUBYU1OT39O1H0C4EG,False
N.A.,Lilium_philadelphicum,9067813,319337,https://crowdcurio-experiment-images.s3.amazonaws.com/Lilium_philadelphicum/images/Lilium_philadelphicum.1431313.jpg,A3NMD1F4A5H4XO,18968,False,895,499,flower,2024-04-16,21:19:08,3CZH926SJVYKQUBYU1OT39O1H0C4EG,False
N.A.,Lilium_philadelphicum,9067848,319333,https://crowdcurio-experiment-images.s3.amazonaws.com/Lilium_philadelphicum/images/Lilium_philadelphicum.1398697.jpg,A3NMD1F4A5H4XO,18968,False,709,285,flower,2024-04-16,21:19:17,3CZH926SJVYKQUBYU1OT39O1H0C4EG,False
N.A.,Lilium_philadelphicum,9067883,319331,https://crowdcurio-experiment-images.s3.amazonaws.com/Lilium_philadelphicum/images/Lilium_philadelphicum.1386757.jpg,A3NMD1F4A5H4XO,18968,True,1190,412,flower,2024-04-16,21:19:24,3CZH926SJVYKQUBYU1OT39O1H0C4EG,False
N.A.,Lilium_philadelphicum,9067930,319335,https://crowdcurio-experiment-images.s3.amazonaws.com/Lilium_philadelphicum/images/Lilium_philadelphicum.1409845.jpg,A3NMD1F4A5H4XO,18968,False,916,343,flower,2024-04-16,21:19:34,3CZH926SJVYKQUBYU1OT39O1H0C4EG,False
N.A.,Lilium_philadelphicum,9068059,319336,https://crowdcurio-experiment-images.s3.amazonaws.com/Lilium_philadelphicum/images/Lilium_philadelphicum.1411765.jpg,A3NMD1F4A5H4XO,18968,False,661,447,flower,2024-04-16,21:20:09,3CZH926SJVYKQUBYU1OT39O1H0C4EG,False
N.A.,Lilium_philadelphicum,9068149,319344,https://crowdcurio-experiment-images.s3.amazonaws.com/Lilium_philadelphicum/images/Lilium_philadelphicum.1778299.jpg,A3NMD1F4A5H4XO,18968,False,895,384,flower,2024-04-16,21:20:24,3CZH926SJVYKQUBYU1OT39O1H0C4EG,False
N.A.,Lilium_philadelphicum,9068230,319338,https://crowdcurio-experiment-images.s3.amazonaws.com/Lilium_philadelphicum/images/Lilium_philadelphicum.1433253.jpg,A3NMD1F4A5H4XO,18968,False,1050,457,flower,2024-04-16,21:20:38,3CZH926SJVYKQUBYU1OT39O1H0C4EG,False
N.A.,Lilium_philadelphicum,9068305,319345,https://crowdcurio-experiment-images.s3.amazonaws.com/Lilium_philadelphicum/images/Lilium_philadelphicum.3037388.jpg,A3NMD1F4A5H4XO,18968,False,988,514,flower,2024-04-16,21:20:50,3CZH926SJVYKQUBYU1OT39O1H0C4EG,False
N.A.,Lilium_philadelphicum,9068373,319344,https://crowdcurio-experiment-images.s3.amazonaws.com/Lilium_philadelphicum/images/Lilium_philadelphicum.1778299.jpg,A3NMD1F4A5H4XO,18968,True,1040,476,flower,2024-04-16,21:21:10,3CZH926SJVYKQUBYU1OT39O1H0C4EG,False
N.A.,Lilium_philadelphicum,9068441,319339,https://crowdcurio-experiment-images.s3.amazonaws.com/Lilium_philadelphicum/images/Lilium_philadelphicum.1436203.jpg,A3NMD1F4A5H4XO,18968,False,1120,418,flower,2024-04-16,21:21:24,3CZH926SJVYKQUBYU1OT39O1H0C4EG,False
N.A.,Lilium_philadelphicum,9068475,319346,https://crowdcurio-experiment-images.s3.amazonaws.com/Lilium_philadelphicum/images/Lilium_philadelphicum.3038651.jpg,A3NMD1F4A5H4XO,18968,False,970,510,flower,2024-04-16,21:21:29,3CZH926SJVYKQUBYU1OT39O1H0C4EG,False
N.A.,Lilium_philadelphicum,9068549,319327,https://crowdcurio-experiment-images.s3.amazonaws.com/Lilium_philadelphicum/images/Lilium_philadelphicum.496929.jpg,A3NMD1F4A5H4XO,18968,False,1090,528,flower,2024-04-16,21:21:41,3CZH926SJVYKQUBYU1OT39O1H0C4EG,False
N.A.,Lilium_philadelphicum,9068608,319328,https://crowdcurio-experiment-images.s3.amazonaws.com/Lilium_philadelphicum/images/Lilium_philadelphicum.496930.jpg,A3NMD1F4A5H4XO,18968,False,1080,460,flower,2024-04-16,21:21:50,3CZH926SJVYKQUBYU1OT39O1H0C4EG,False
N.A.,Lilium_philadelphicum,9068656,319343,https://crowdcurio-experiment-images.s3.amazonaws.com/Lilium_philadelphicum/images/Lilium_philadelphicum.1456487.jpg,A3NMD1F4A5H4XO,18968,False,1000,507,flower,2024-04-16,21:22:01,3CZH926SJVYKQUBYU1OT39O1H0C4EG,False
N.A.,Lilium_philadelphicum,9068727,319342,https://crowdcurio-experiment-images.s3.amazonaws.com/Lilium_philadelphicum/images/Lilium_philadelphicum.1450321.jpg,A3NMD1F4A5H4XO,18968,False,1120,414,flower,2024-04-16,21:22:15,3CZH926SJVYKQUBYU1OT39O1H0C4EG,False
N.A.,Lilium_philadelphicum,9072601,319387,https://crowdcurio-experiment-images.s3.amazonaws.com/Lilium_philadelphicum/images/Lilium_philadelphicum.13820370.jpg,A31UH0A9NEL2XF,20842,False,864,340,flower,2024-04-16,21:38:33,3CZH926SJVYKQUBYU1OT39O1H0C4EG,False
N.A.,Lilium_philadelphicum,9072606,319387,https://crowdcurio-experiment-images.s3.amazonaws.com/Lilium_philadelphicum/images/Lilium_philadelphicum.13820370.jpg,A31UH0A9NEL2XF,20842,False,936,415,flower,2024-04-16,21:38:34,3CZH926SJVYKQUBYU1OT39O1H0C4EG,False
N.A.,Lilium_philadelphicum,9072608,319387,https://crowdcurio-experiment-images.s3.amazonaws.com/Lilium_philadelphicum/images/Lilium_philadelphicum.13820370.jpg,A31UH0A9NEL2XF,20842,False,1000,496,flower,2024-04-16,21:38:35,3CZH926SJVYKQUBYU1OT39O1H0C4EG,False
N.A.,Lilium_philadelphicum,9072641,319388,https://crowdcurio-experiment-images.s3.amazonaws.com/Lilium_philadelphicum/images/Lilium_philadelphicum.13820371.jpg,A31UH0A9NEL2XF,20842,False,652,431,flower,2024-04-16,21:38:44,3CZH926SJVYKQUBYU1OT39O1H0C4EG,False
N.A.,Lilium_philadelphicum,9072679,319385,https://crowdcurio-experiment-images.s3.amazonaws.com/Lilium_philadelphicum/images/Lilium_philadelphicum.13820368.jpg,A31UH0A9NEL2XF,20842,False,431,493,flower,2024-04-16,21:38:56,3CZH926SJVYKQUBYU1OT39O1H0C4EG,False
N.A.,Lilium_philadelphicum,9072680,319385,https://crowdcurio-experiment-images.s3.amazonaws.com/Lilium_philadelphicum/images/Lilium_philadelphicum.13820368.jpg,A31UH0A9NEL2XF,20842,False,370,514,flower,2024-04-16,21:38:57,3CZH926SJVYKQUBYU1OT39O1H0C4EG,False
N.A.,Lilium_philadelphicum,9072682,319385,https://crowdcurio-experiment-images.s3.amazonaws.com/Lilium_philadelphicum/images/Lilium_philadelphicum.13820368.jpg,A31UH0A9NEL2XF,20842,False,329,531,flower,2024-04-16,21:38:57,3CZH926SJVYKQUBYU1OT39O1H0C4EG,False
N.A.,Lilium_philadelphicum,9072704,319394,https://crowdcurio-experiment-images.s3.amazonaws.com/Lilium_philadelphicum/images/Lilium_philadelphicum.16901461.jpg,A31UH0A9NEL2XF,20842,False,933,781,flower,2024-04-16,21:39:06,3CZH926SJVYKQUBYU1OT39O1H0C4EG,False
N.A.,Lilium_philadelphicum,9072732,319400,https://crowdcurio-experiment-images.s3.amazonaws.com/Lilium_philadelphicum/images/Lilium_philadelphicum.27163776.jpg,A31UH0A9NEL2XF,20842,False,828,848,flower,2024-04-16,21:39:15,3CZH926SJVYKQUBYU1OT39O1H0C4EG,False
N.A.,Lilium_philadelphicum,9072735,319400,https://crowdcurio-experiment-images.s3.amazonaws.com/Lilium_philadelphicum/images/Lilium_philadelphicum.27163776.jpg,A31UH0A9NEL2XF,20842,False,763,861,flower,2024-04-16,21:39:16,3CZH926SJVYKQUBYU1OT39O1H0C4EG,False
N.A.,Lilium_philadelphicum,9072792,319387,https://crowdcurio-experiment-images.s3.amazonaws.com/Lilium_philadelphicum/images/Lilium_philadelphicum.13820370.jpg,A31UH0A9NEL2XF,20842,True,971,414,flower,2024-04-16,21:39:32,3CZH926SJVYKQUBYU1OT39O1H0C4EG,False
N.A.,Lilium_philadelphicum,9072794,319387,https://crowdcurio-experiment-images.s3.amazonaws.com/Lilium_philadelphicum/images/Lilium_philadelphicum.13820370.jpg,A31UH0A9NEL2XF,20842,True,857,355,flower,2024-04-16,21:39:33,3CZH926SJVYKQUBYU1OT39O1H0C4EG,False
N.A.,Lilium_philadelphicum,9072799,319387,https://crowdcurio-experiment-images.s3.amazonaws.com/Lilium_philadelphicum/images/Lilium_philadelphicum.13820370.jpg,A31UH0A9NEL2XF,20842,True,999,489,flower,2024-04-16,21:39:34,3CZH926SJVYKQUBYU1OT39O1H0C4EG,False
N.A.,Lilium_philadelphicum,9072795,319397,https://crowdcurio-experiment-images.s3.amazonaws.com/Lilium_philadelphicum/images/Lilium_philadelphicum.16903360.jpg,APRZ7BR8C0ZMQ,580,False,1070,388,flower,2024-04-16,21:39:33,3CZH926SJVYKQUBYU1OT39O1H0C4EG,False
N.A.,Lilium_philadelphicum,9072798,319397,https://crowdcurio-experiment-images.s3.amazonaws.com/Lilium_philadelphicum/images/Lilium_philadelphicum.16903360.jpg,APRZ7BR8C0ZMQ,580,False,739,561,flower,2024-04-16,21:39:33,3CZH926SJVYKQUBYU1OT39O1H0C4EG,False
N.A.,Lilium_philadelphicum,9072803,319397,https://crowdcurio-experiment-images.s3.amazonaws.com/Lilium_philadelphicum/images/Lilium_philadelphicum.16903360.jpg,APRZ7BR8C0ZMQ,580,False,486,375,flower,2024-04-16,21:39:34,3CZH926SJVYKQUBYU1OT39O1H0C4EG,False
N.A.,Lilium_philadelphicum,9073055,319397,https://crowdcurio-experiment-images.s3.amazonaws.com/Lilium_philadelphicum/images/Lilium_philadelphicum.16903360.jpg,APRZ7BR8C0ZMQ,580,False,1080,414,flower,2024-04-16,21:40:48,3CZH926SJVYKQUBYU1OT39O1H0C4EG,False
N.A.,Lilium_philadelphicum,9073059,319397,https://crowdcurio-experiment-images.s3.amazonaws.com/Lilium_philadelphicum/images/Lilium_philadelphicum.16903360.jpg,APRZ7BR8C0ZMQ,580,False,687,568,flower,2024-04-16,21:40:48,3CZH926SJVYKQUBYU1OT39O1H0C4EG,False
N.A.,Lilium_philadelphicum,9073060,319397,https://crowdcurio-experiment-images.s3.amazonaws.com/Lilium_philadelphicum/images/Lilium_philadelphicum.16903360.jpg,APRZ7BR8C0ZMQ,580,False,515,319,flower,2024-04-16,21:40:49,3CZH926SJVYKQUBYU1OT39O1H0C4EG,False
N.A.,Lilium_philadelphicum,9072825,319389,https://crowdcurio-experiment-images.s3.amazonaws.com/Lilium_philadelphicum/images/Lilium_philadelphicum.13820372.jpg,A31UH0A9NEL2XF,20842,False,979,517,flower,2024-04-16,21:39:40,3CZH926SJVYKQUBYU1OT39O1H0C4EG,False
N.A.,Lilium_philadelphicum,9072828,319389,https://crowdcurio-experiment-images.s3.amazonaws.com/Lilium_philadelphicum/images/Lilium_philadelphicum.13820372.jpg,A31UH0A9NEL2XF,20842,False,941,470,flower,2024-04-16,21:39:41,3CZH926SJVYKQUBYU1OT39O1H0C4EG,False
N.A.,Lilium_philadelphicum,9072831,319389,https://crowdcurio-experiment-images.s3.amazonaws.com/Lilium_philadelphicum/images/Lilium_philadelphicum.13820372.jpg,A31UH0A9NEL2XF,20842,False,786,512,flower,2024-04-16,21:39:42,3CZH926SJVYKQUBYU1OT39O1H0C4EG,False
N.A.,Lilium_philadelphicum,9072875,319398,https://crowdcurio-experiment-images.s3.amazonaws.com/Lilium_philadelphicum/images/Lilium_philadelphicum.21623389.jpg,A31UH0A9NEL2XF,20842,False,537,687,flower,2024-04-16,21:39:55,3CZH926SJVYKQUBYU1OT39O1H0C4EG,False
N.A.,Lilium_philadelphicum,9072882,319398,https://crowdcurio-experiment-images.s3.amazonaws.com/Lilium_philadelphicum/images/Lilium_philadelphicum.21623389.jpg,A31UH0A9NEL2XF,20842,False,374,648,flower,2024-04-16,21:39:57,3CZH926SJVYKQUBYU1OT39O1H0C4EG,False
N.A.,Lilium_philadelphicum,9072884,319398,https://crowdcurio-experiment-images.s3.amazonaws.com/Lilium_philadelphicum/images/Lilium_philadelphicum.21623389.jpg,A31UH0A9NEL2XF,20842,False,344,682,flower,2024-04-16,21:39:57,3CZH926SJVYKQUBYU1OT39O1H0C4EG,False
N.A.,Lilium_philadelphicum,9072891,319398,https://crowdcurio-experiment-images.s3.amazonaws.com/Lilium_philadelphicum/images/Lilium_philadelphicum.21623389.jpg,A31UH0A9NEL2XF,20842,False,573,737,flower,2024-04-16,21:39:58,3CZH926SJVYKQUBYU1OT39O1H0C4EG,False
N.A.,Lilium_philadelphicum,9072914,319390,https://crowdcurio-experiment-images.s3.amazonaws.com/Lilium_philadelphicum/images/Lilium_philadelphicum.13820373.jpg,A31UH0A9NEL2XF,20842,False,575,552,flower,2024-04-16,21:40:07,3CZH926SJVYKQUBYU1OT39O1H0C4EG,False
N.A.,Lilium_philadelphicum,9072916,319390,https://crowdcurio-experiment-images.s3.amazonaws.com/Lilium_philadelphicum/images/Lilium_philadelphicum.13820373.jpg,A31UH0A9NEL2XF,20842,False,534,542,flower,2024-04-16,21:40:07,3CZH926SJVYKQUBYU1OT39O1H0C4EG,False
N.A.,Lilium_philadelphicum,9072920,319390,https://crowdcurio-experiment-images.s3.amazonaws.com/Lilium_philadelphicum/images/Lilium_philadelphicum.13820373.jpg,A31UH0A9NEL2XF,20842,False,663,523,flower,2024-04-16,21:40:08,3CZH926SJVYKQUBYU1OT39O1H0C4EG,False
N.A.,Lilium_philadelphicum,9072923,319390,https://crowdcurio-experiment-images.s3.amazonaws.com/Lilium_philadelphicum/images/Lilium_philadelphicum.13820373.jpg,A31UH0A9NEL2XF,20842,False,718,564,flower,2024-04-16,21:40:08,3CZH926SJVYKQUBYU1OT39O1H0C4EG,False
N.A.,Lilium_philadelphicum,9072950,319386,https://crowdcurio-experiment-images.s3.amazonaws.com/Lilium_philadelphicum/images/Lilium_philadelphicum.13820369.jpg,A31UH0A9NEL2XF,20842,False,1060,830,flower,2024-04-16,21:40:17,3CZH926SJVYKQUBYU1OT39O1H0C4EG,False
N.A.,Lilium_philadelphicum,9072953,319386,https://crowdcurio-experiment-images.s3.amazonaws.com/Lilium_philadelphicum/images/Lilium_philadelphicum.13820369.jpg,A31UH0A9NEL2XF,20842,False,1050,780,flower,2024-04-16,21:40:18,3CZH926SJVYKQUBYU1OT39O1H0C4EG,False
N.A.,Lilium_philadelphicum,9072956,319386,https://crowdcurio-experiment-images.s3.amazonaws.com/Lilium_philadelphicum/images/Lilium_philadelphicum.13820369.jpg,A31UH0A9NEL2XF,20842,False,872,712,flower,2024-04-16,21:40:18,3CZH926SJVYKQUBYU1OT39O1H0C4EG,False
N.A.,Lilium_philadelphicum,9072958,319386,https://crowdcurio-experiment-images.s3.amazonaws.com/Lilium_philadelphicum/images/Lilium_philadelphicum.13820369.jpg,A31UH0A9NEL2XF,20842,False,813,851,flower,2024-04-16,21:40:19,3CZH926SJVYKQUBYU1OT39O1H0C4EG,False
N.A.,Lilium_philadelphicum,9072959,319386,https://crowdcurio-experiment-images.s3.amazonaws.com/Lilium_philadelphicum/images/Lilium_philadelphicum.13820369.jpg,A31UH0A9NEL2XF,20842,False,995,901,flower,2024-04-16,21:40:21,3CZH926SJVYKQUBYU1OT39O1H0C4EG,False
N.A.,Lilium_philadelphicum,9072980,319326,https://crowdcurio-experiment-images.s3.amazonaws.com/Lilium_philadelphicum/images/Lilium_philadelphicum.496928.jpg,APRZ7BR8C0ZMQ,580,False,1152,1546.6666666666667,flower,2024-04-16,21:40:26,3CZH926SJVYKQUBYU1OT39O1H0C4EG,False
N.A.,Lilium_philadelphicum,9072996,319324,https://crowdcurio-experiment-images.s3.amazonaws.com/Lilium_philadelphicum/images/Lilium_philadelphicum.496926.jpg,APRZ7BR8C0ZMQ,580,False,311,613,flower,2024-04-16,21:40:33,3CZH926SJVYKQUBYU1OT39O1H0C4EG,False
N.A.,Lilium_philadelphicum,9073006,319324,https://crowdcurio-experiment-images.s3.amazonaws.com/Lilium_philadelphicum/images/Lilium_philadelphicum.496926.jpg,APRZ7BR8C0ZMQ,580,False,1038,1484,flower,2024-04-16,21:40:34,3CZH926SJVYKQUBYU1OT39O1H0C4EG,False
N.A.,Lilium_philadelphicum,9073024,319392,https://crowdcurio-experiment-images.s3.amazonaws.com/Lilium_philadelphicum/images/Lilium_philadelphicum.13821797.jpg,APRZ7BR8C0ZMQ,580,False,519,471,flower,2024-04-16,21:40:41,3CZH926SJVYKQUBYU1OT39O1H0C4EG,False
N.A.,Lilium_philadelphicum,9073084,319322,https://crowdcurio-experiment-images.s3.amazonaws.com/Lilium_philadelphicum/images/Lilium_philadelphicum.496921.jpg,APRZ7BR8C0ZMQ,580,False,390,407,flower,2024-04-16,21:40:56,3CZH926SJVYKQUBYU1OT39O1H0C4EG,False
N.A.,Lilium_philadelphicum,9073129,319325,https://crowdcurio-experiment-images.s3.amazonaws.com/Lilium_philadelphicum/images/Lilium_philadelphicum.496927.jpg,APRZ7BR8C0ZMQ,580,False,1086.6666666666667,1440,flower,2024-04-16,21:41:07,3CZH926SJVYKQUBYU1OT39O1H0C4EG,False
N.A.,Lilium_philadelphicum,9073149,319399,https://crowdcurio-experiment-images.s3.amazonaws.com/Lilium_philadelphicum/images/Lilium_philadelphicum.25160037.jpg,APRZ7BR8C0ZMQ,580,False,265,245,flower,2024-04-16,21:41:13,3CZH926SJVYKQUBYU1OT39O1H0C4EG,False
N.A.,Lilium_philadelphicum,9073170,319392,https://crowdcurio-experiment-images.s3.amazonaws.com/Lilium_philadelphicum/images/Lilium_philadelphicum.13821797.jpg,APRZ7BR8C0ZMQ,580,True,535,445,flower,2024-04-16,21:41:18,3CZH926SJVYKQUBYU1OT39O1H0C4EG,False
N.A.,Lilium_philadelphicum,9073214,319323,https://crowdcurio-experiment-images.s3.amazonaws.com/Lilium_philadelphicum/images/Lilium_philadelphicum.496922.jpg,APRZ7BR8C0ZMQ,580,False,1140,435,flower,2024-04-16,21:41:29,3CZH926SJVYKQUBYU1OT39O1H0C4EG,False
N.A.,Lilium_philadelphicum,9073219,319323,https://crowdcurio-experiment-images.s3.amazonaws.com/Lilium_philadelphicum/images/Lilium_philadelphicum.496922.jpg,APRZ7BR8C0ZMQ,580,False,809,449,flower,2024-04-16,21:41:29,3CZH926SJVYKQUBYU1OT39O1H0C4EG,False
N.A.,Lilium_philadelphicum,9073220,319323,https://crowdcurio-experiment-images.s3.amazonaws.com/Lilium_philadelphicum/images/Lilium_philadelphicum.496922.jpg,APRZ7BR8C0ZMQ,580,False,519,360,flower,2024-04-16,21:41:30,3CZH926SJVYKQUBYU1OT39O1H0C4EG,False
N.A.,Lilium_philadelphicum,9073224,319323,https://crowdcurio-experiment-images.s3.amazonaws.com/Lilium_philadelphicum/images/Lilium_philadelphicum.496922.jpg,APRZ7BR8C0ZMQ,580,False,292,363,flower,2024-04-16,21:41:31,3CZH926SJVYKQUBYU1OT39O1H0C4EG,False
N.A.,Lilium_philadelphicum,9073246,319393,https://crowdcurio-experiment-images.s3.amazonaws.com/Lilium_philadelphicum/images/Lilium_philadelphicum.16901460.jpg,APRZ7BR8C0ZMQ,580,False,911,600,flower,2024-04-16,21:41:37,3CZH926SJVYKQUBYU1OT39O1H0C4EG,False
N.A.,Lilium_philadelphicum,9073251,319393,https://crowdcurio-experiment-images.s3.amazonaws.com/Lilium_philadelphicum/images/Lilium_philadelphicum.16901460.jpg,APRZ7BR8C0ZMQ,580,False,373,453,flower,2024-04-16,21:41:38,3CZH926SJVYKQUBYU1OT39O1H0C4EG,False
N.A.,Lilium_philadelphicum,9114378,319395,https://crowdcurio-experiment-images.s3.amazonaws.com/Lilium_philadelphicum/images/Lilium_philadelphicum.16901462.jpg,A1OIBI3PWS4R5K,676,False,438,361,flower,2024-04-17,00:17:30,3CZH926SJVYKQUBYU1OT39O1H0C4EG,False
N.A.,Lilium_philadelphicum,9114426,319345,https://crowdcurio-experiment-images.s3.amazonaws.com/Lilium_philadelphicum/images/Lilium_philadelphicum.3037388.jpg,A1OIBI3PWS4R5K,676,False,583,616,flower,2024-04-17,00:17:42,3CZH926SJVYKQUBYU1OT39O1H0C4EG,False
N.A.,Lilium_philadelphicum,9114513,319344,https://crowdcurio-experiment-images.s3.amazonaws.com/Lilium_philadelphicum/images/Lilium_philadelphicum.1778299.jpg,A1OIBI3PWS4R5K,676,False,687,1390,bud,2024-04-17,00:18:11,3CZH926SJVYKQUBYU1OT39O1H0C4EG,False
N.A.,Lilium_philadelphicum,9114554,319342,https://crowdcurio-experiment-images.s3.amazonaws.com/Lilium_philadelphicum/images/Lilium_philadelphicum.1450321.jpg,A1OIBI3PWS4R5K,676,False,761,698,flower,2024-04-17,00:18:24,3CZH926SJVYKQUBYU1OT39O1H0C4EG,False
N.A.,Lilium_philadelphicum,9114573,319342,https://crowdcurio-experiment-images.s3.amazonaws.com/Lilium_philadelphicum/images/Lilium_philadelphicum.1450321.jpg,A1OIBI3PWS4R5K,676,False,681,348,flower,2024-04-17,00:18:31,3CZH926SJVYKQUBYU1OT39O1H0C4EG,False
N.A.,Lilium_philadelphicum,9114583,319342,https://crowdcurio-experiment-images.s3.amazonaws.com/Lilium_philadelphicum/images/Lilium_philadelphicum.1450321.jpg,A1OIBI3PWS4R5K,676,False,155,437,flower,2024-04-17,00:18:32,3CZH926SJVYKQUBYU1OT39O1H0C4EG,False
N.A.,Lilium_philadelphicum,9114618,319343,https://crowdcurio-experiment-images.s3.amazonaws.com/Lilium_philadelphicum/images/Lilium_philadelphicum.1456487.jpg,A1OIBI3PWS4R5K,676,False,953,320,flower,2024-04-17,00:18:45,3CZH926SJVYKQUBYU1OT39O1H0C4EG,False
N.A.,Lilium_philadelphicum,9114659,319339,https://crowdcurio-experiment-images.s3.amazonaws.com/Lilium_philadelphicum/images/Lilium_philadelphicum.1436203.jpg,A1OIBI3PWS4R5K,676,False,1070,350,flower,2024-04-17,00:18:55,3CZH926SJVYKQUBYU1OT39O1H0C4EG,False
N.A.,Lilium_philadelphicum,9114673,319339,https://crowdcurio-experiment-images.s3.amazonaws.com/Lilium_philadelphicum/images/Lilium_philadelphicum.1436203.jpg,A1OIBI3PWS4R5K,676,False,328,387,flower,2024-04-17,00:19:03,3CZH926SJVYKQUBYU1OT39O1H0C4EG,False
N.A.,Lilium_philadelphicum,9114675,319339,https://crowdcurio-experiment-images.s3.amazonaws.com/Lilium_philadelphicum/images/Lilium_philadelphicum.1436203.jpg,A1OIBI3PWS4R5K,676,False,476,395,flower,2024-04-17,00:19:03,3CZH926SJVYKQUBYU1OT39O1H0C4EG,False
N.A.,Lilium_philadelphicum,9114679,319339,https://crowdcurio-experiment-images.s3.amazonaws.com/Lilium_philadelphicum/images/Lilium_philadelphicum.1436203.jpg,A1OIBI3PWS4R5K,676,False,266,420,flower,2024-04-17,00:19:03,3CZH926SJVYKQUBYU1OT39O1H0C4EG,False
N.A.,Lilium_philadelphicum,9114737,319339,https://crowdcurio-experiment-images.s3.amazonaws.com/Lilium_philadelphicum/images/Lilium_philadelphicum.1436203.jpg,A1OIBI3PWS4R5K,676,False,403,1610,flower,2024-04-17,00:19:20,3CZH926SJVYKQUBYU1OT39O1H0C4EG,False
N.A.,Lilium_philadelphicum,9114759,319345,https://crowdcurio-experiment-images.s3.amazonaws.com/Lilium_philadelphicum/images/Lilium_philadelphicum.3037388.jpg,A1OIBI3PWS4R5K,676,True,553,581,flower,2024-04-17,00:19:27,3CZH926SJVYKQUBYU1OT39O1H0C4EG,False
N.A.,Lilium_philadelphicum,9114817,319346,https://crowdcurio-experiment-images.s3.amazonaws.com/Lilium_philadelphicum/images/Lilium_philadelphicum.3038651.jpg,A1OIBI3PWS4R5K,676,False,691,528,flower,2024-04-17,00:19:39,3CZH926SJVYKQUBYU1OT39O1H0C4EG,False
N.A.,Lilium_philadelphicum,9114881,319396,https://crowdcurio-experiment-images.s3.amazonaws.com/Lilium_philadelphicum/images/Lilium_philadelphicum.16902711.jpg,A1OIBI3PWS4R5K,676,False,1120,408,flower,2024-04-17,00:19:52,3CZH926SJVYKQUBYU1OT39O1H0C4EG,False
N.A.,Lilium_philadelphicum,9114887,319396,https://crowdcurio-experiment-images.s3.amazonaws.com/Lilium_philadelphicum/images/Lilium_philadelphicum.16902711.jpg,A1OIBI3PWS4R5K,676,False,308,653,flower,2024-04-17,00:19:53,3CZH926SJVYKQUBYU1OT39O1H0C4EG,False
N.A.,Lilium_philadelphicum,9114940,319338,https://crowdcurio-experiment-images.s3.amazonaws.com/Lilium_philadelphicum/images/Lilium_philadelphicum.1433253.jpg,A1OIBI3PWS4R5K,676,False,605.3333333333334,318.6666666666667,flower,2024-04-17,00:20:04,3CZH926SJVYKQUBYU1OT39O1H0C4EG,False
N.A.,Lilium_philadelphicum,9114947,319338,https://crowdcurio-experiment-images.s3.amazonaws.com/Lilium_philadelphicum/images/Lilium_philadelphicum.1433253.jpg,A1OIBI3PWS4R5K,676,False,249.33333333333334,424,flower,2024-04-17,00:20:05,3CZH926SJVYKQUBYU1OT39O1H0C4EG,False
N.A.,Lilium_philadelphicum,9115852,319383,https://crowdcurio-experiment-images.s3.amazonaws.com/Lilium_philadelphicum/images/Lilium_philadelphicum.13820366.jpg,A1OIBI3PWS4R5K,676,False,334,1300,flower,2024-04-17,00:24:36,3CZH926SJVYKQUBYU1OT39O1H0C4EG,False
N.A.,Lilium_philadelphicum,9116322,319375,https://crowdcurio-experiment-images.s3.amazonaws.com/Lilium_philadelphicum/images/Lilium_philadelphicum.13051385.jpg,A1OIBI3PWS4R5K,676,False,774,317,flower,2024-04-17,00:26:59,3CZH926SJVYKQUBYU1OT39O1H0C4EG,False
N.A.,Lilium_philadelphicum,9116328,319375,https://crowdcurio-experiment-images.s3.amazonaws.com/Lilium_philadelphicum/images/Lilium_philadelphicum.13051385.jpg,A1OIBI3PWS4R5K,676,False,351,426,flower,2024-04-17,00:27:00,3CZH926SJVYKQUBYU1OT39O1H0C4EG,False
N.A.,Lilium_philadelphicum,9116425,319379,https://crowdcurio-experiment-images.s3.amazonaws.com/Lilium_philadelphicum/images/Lilium_philadelphicum.13820358.jpg,A1OIBI3PWS4R5K,676,False,850,447,flower,2024-04-17,00:27:31,3CZH926SJVYKQUBYU1OT39O1H0C4EG,False
N.A.,Lilium_philadelphicum,9116428,319379,https://crowdcurio-experiment-images.s3.amazonaws.com/Lilium_philadelphicum/images/Lilium_philadelphicum.13820358.jpg,A1OIBI3PWS4R5K,676,False,870,366,flower,2024-04-17,00:27:32,3CZH926SJVYKQUBYU1OT39O1H0C4EG,False
N.A.,Lilium_philadelphicum,9116471,319376,https://crowdcurio-experiment-images.s3.amazonaws.com/Lilium_philadelphicum/images/Lilium_philadelphicum.13820354.jpg,A1OIBI3PWS4R5K,676,False,848,388,flower,2024-04-17,00:27:43,3CZH926SJVYKQUBYU1OT39O1H0C4EG,False
N.A.,Lilium_philadelphicum,9116544,319330,https://crowdcurio-experiment-images.s3.amazonaws.com/Lilium_philadelphicum/images/Lilium_philadelphicum.1127947.jpg,A1OIBI3PWS4R5K,676,False,985,1020,bud,2024-04-17,00:28:00,3CZH926SJVYKQUBYU1OT39O1H0C4EG,False
N.A.,Lilium_philadelphicum,9116588,319378,https://crowdcurio-experiment-images.s3.amazonaws.com/Lilium_philadelphicum/images/Lilium_philadelphicum.13820357.jpg,A1OIBI3PWS4R5K,676,False,1000,417,flower,2024-04-17,00:28:09,3CZH926SJVYKQUBYU1OT39O1H0C4EG,False
N.A.,Lilium_philadelphicum,9116599,319378,https://crowdcurio-experiment-images.s3.amazonaws.com/Lilium_philadelphicum/images/Lilium_philadelphicum.13820357.jpg,A1OIBI3PWS4R5K,676,False,418,462,flower,2024-04-17,00:28:11,3CZH926SJVYKQUBYU1OT39O1H0C4EG,False
N.A.,Lilium_philadelphicum,9116663,319377,https://crowdcurio-experiment-images.s3.amazonaws.com/Lilium_philadelphicum/images/Lilium_philadelphicum.13820355.jpg,A1OIBI3PWS4R5K,676,False,1000,475,flower,2024-04-17,00:28:26,3CZH926SJVYKQUBYU1OT39O1H0C4EG,False
N.A.,Lilium_philadelphicum,9116667,319377,https://crowdcurio-experiment-images.s3.amazonaws.com/Lilium_philadelphicum/images/Lilium_philadelphicum.13820355.jpg,A1OIBI3PWS4R5K,676,False,695,285,flower,2024-04-17,00:28:26,3CZH926SJVYKQUBYU1OT39O1H0C4EG,False
N.A.,Lilium_philadelphicum,9116674,319377,https://crowdcurio-experiment-images.s3.amazonaws.com/Lilium_philadelphicum/images/Lilium_philadelphicum.13820355.jpg,A1OIBI3PWS4R5K,676,False,207,302,flower,2024-04-17,00:28:27,3CZH926SJVYKQUBYU1OT39O1H0C4EG,False
N.A.,Lilium_philadelphicum,9116703,319382,https://crowdcurio-experiment-images.s3.amazonaws.com/Lilium_philadelphicum/images/Lilium_philadelphicum.13820365.jpg,A1OIBI3PWS4R5K,676,False,597,381,flower,2024-04-17,00:28:33,3CZH926SJVYKQUBYU1OT39O1H0C4EG,False
N.A.,Lilium_philadelphicum,9116816,319378,https://crowdcurio-experiment-images.s3.amazonaws.com/Lilium_philadelphicum/images/Lilium_philadelphicum.13820357.jpg,A1OIBI3PWS4R5K,676,True,954,389,flower,2024-04-17,00:29:00,3CZH926SJVYKQUBYU1OT39O1H0C4EG,False
N.A.,Lilium_philadelphicum,9116821,319378,https://crowdcurio-experiment-images.s3.amazonaws.com/Lilium_philadelphicum/images/Lilium_philadelphicum.13820357.jpg,A1OIBI3PWS4R5K,676,True,433,416,flower,2024-04-17,00:29:01,3CZH926SJVYKQUBYU1OT39O1H0C4EG,False
N.A.,Lilium_philadelphicum,9116849,319381,https://crowdcurio-experiment-images.s3.amazonaws.com/Lilium_philadelphicum/images/Lilium_philadelphicum.13820364.jpg,A1OIBI3PWS4R5K,676,False,749,505,flower,2024-04-17,00:29:08,3CZH926SJVYKQUBYU1OT39O1H0C4EG,False
