Core_ID,Family,Genus,Binomial_Species,Latitude,Longitude,Elevation,Year,Month,Day,References,Image
509073,Rosaceae,Geum,Geum aleppicum,37.67,-107.95,3142,1898,7,1,https://swbiodiversity.org/seinet/collections/individual/index.php?occid=509073,https://swbiodiversity.org//imglib/seinet/soro/CS/0014/147035_lg.jpg
509074,Rosaceae,Geum,Geum aleppicum,38.78,-104.87,2198,1971,6,24,https://swbiodiversity.org/seinet/collections/individual/index.php?occid=509074,https://swbiodiversity.org//imglib/seinet/soro/CS/0014/147034_lg.jpg
509076,Rosaceae,Geum,Geum aleppicum,38.61,-104.91,2062,1935,6,23,https://swbiodiversity.org/seinet/collections/individual/index.php?occid=509076,https://swbiodiversity.org//imglib/seinet/soro/CS/0014/147037_lg.jpg
509077,Rosaceae,Geum,Geum aleppicum,39.64,-105.15,1743,1972,7,13,https://swbiodiversity.org/seinet/collections/individual/index.php?occid=509077,https://swbiodiversity.org//imglib/seinet/soro/CS/0014/147036_lg.jpg
509079,Rosaceae,Geum,Geum aleppicum,40.73,-105.52,2480,1970,7,10,https://swbiodiversity.org/seinet/collections/individual/index.php?occid=509079,https://swbiodiversity.org//imglib/seinet/soro/CS/0014/147033_lg.jpg
509081,Rosaceae,Geum,Geum aleppicum,40.57,-105.03,1497,1897,7,10,https://swbiodiversity.org/seinet/collections/individual/index.php?occid=509081,https://swbiodiversity.org//imglib/seinet/soro/CS/0014/147031_lg.jpg
509083,Rosaceae,Geum,Geum aleppicum,40.55,-105.25,2160,1898,7,14,https://swbiodiversity.org/seinet/collections/individual/index.php?occid=509083,https://swbiodiversity.org//imglib/seinet/soro/CS/0014/147032_lg.jpg
509084,Rosaceae,Geum,Geum aleppicum,40.56,-105.58,2943,1946,7,30,https://swbiodiversity.org/seinet/collections/individual/index.php?occid=509084,https://swbiodiversity.org//imglib/seinet/soro/CS/0014/147044_lg.jpg
509085,Rosaceae,Geum,Geum aleppicum,40.61,-105.35,2220,1895,8,20,https://swbiodiversity.org/seinet/collections/individual/index.php?occid=509085,https://swbiodiversity.org//imglib/seinet/soro/CS/0014/147038_lg.jpg
509086,Rosaceae,Geum,Geum aleppicum,40.99,-105.34,2289,1944,8,4,https://swbiodiversity.org/seinet/collections/individual/index.php?occid=509086,https://swbiodiversity.org//imglib/seinet/soro/CS/0014/147039_lg.jpg
509087,Rosaceae,Geum,Geum aleppicum,37.15,-105.03,2409,1987,8,15,https://swbiodiversity.org/seinet/collections/individual/index.php?occid=509087,https://swbiodiversity.org//imglib/seinet/soro/CS/0014/147029_lg.jpg
509088,Rosaceae,Geum,Geum aleppicum,40.8,-108.94,1646,1945,7,10,https://swbiodiversity.org/seinet/collections/individual/index.php?occid=509088,https://swbiodiversity.org//imglib/seinet/soro/CS/0014/147041_lg.jpg
509089,Rosaceae,Geum,Geum aleppicum,39.77,-108,2326,1982,6,30,https://swbiodiversity.org/seinet/collections/individual/index.php?occid=509089,https://swbiodiversity.org//imglib/seinet/soro/CS/0014/147028_lg.jpg
509091,Rosaceae,Geum,Geum aleppicum,39.94,-108,2341,1979,7,30,https://swbiodiversity.org/seinet/collections/individual/index.php?occid=509091,https://swbiodiversity.org//imglib/seinet/soro/CS/0010/102411_lg.jpg
509092,Rosaceae,Geum,Geum aleppicum,39.55,-106.09,3042,1972,7,4,https://swbiodiversity.org/seinet/collections/individual/index.php?occid=509092,https://swbiodiversity.org//imglib/seinet/soro/CS/0014/147040_lg.jpg
525005,Rosaceae,Geum,Geum aleppicum,40.79,-105.61,2552,2004,6,23,https://swbiodiversity.org/seinet/collections/individual/index.php?occid=525005,https://swbiodiversity.org//imglib/seinet/soro/CS/0014/147027_lg.jpg
777011,Rosaceae,Geum,Geum aleppicum,39.6599,-105.605,3249,2007,7,18,https://swbiodiversity.org/seinet/collections/individual/index.php?occid=777011,https://swbiodiversity.org//imglib/h_seinet/seinet/ASU/ASU0127/ASU0127205_lg.jpg
1131911,Rosaceae,Geum,Geum aleppicum,43.5906,-109.9383,2721,1996,7,20,https://swbiodiversity.org/seinet/collections/individual/index.php?occid=1131911,https://rmh.uwyo.edu/images/jpeg.php?Image=USFS0036474
1164987,Rosaceae,Geum,Geum aleppicum,44.4618,-109.765,2234,1986,8,26,https://swbiodiversity.org/seinet/collections/individual/index.php?occid=1164987,https://rmh.uwyo.edu/images/jpeg.php?Image=RM0062778
1165046,Rosaceae,Geum,Geum aleppicum,44.5053,-109.8254,2820,1986,8,26,https://swbiodiversity.org/seinet/collections/individual/index.php?occid=1165046,https://rmh.uwyo.edu/images/jpeg.php?Image=RM0062779
1165090,Rosaceae,Geum,Geum aleppicum,44.4618,-109.906,2179,1986,8,27,https://swbiodiversity.org/seinet/collections/individual/index.php?occid=1165090,https://rmh.uwyo.edu/images/jpeg.php?Image=RM0062780
1167500,Rosaceae,Geum,Geum aleppicum,44.4473,-109.765,2112,1987,8,12,https://swbiodiversity.org/seinet/collections/individual/index.php?occid=1167500,https://rmh.uwyo.edu/images/jpeg.php?Image=RM0062776
1169595,Rosaceae,Geum,Geum aleppicum,44.5053,-109.9664,2136,1988,7,29,https://swbiodiversity.org/seinet/collections/individual/index.php?occid=1169595,https://rmh.uwyo.edu/images/jpeg.php?Image=RM0062777
1179560,Rosaceae,Geum,Geum aleppicum,45.2061,-109.638,1922,1994,6,26,https://swbiodiversity.org/seinet/collections/individual/index.php?occid=1179560,https://rmh.uwyo.edu/images/jpeg.php?Image=RM0103482
1180518,Rosaceae,Geum,Geum aleppicum,45.2523,-109.9713,2017,1994,7,20,https://swbiodiversity.org/seinet/collections/individual/index.php?occid=1180518,https://rmh.uwyo.edu/images/jpeg.php?Image=RM0103495
1188860,Rosaceae,Geum,Geum aleppicum,45.2702,-110.6866,2372,1998,7,26,https://swbiodiversity.org/seinet/collections/individual/index.php?occid=1188860,https://rmh.uwyo.edu/images/jpeg.php?Image=RM0014730
1300615,Rosaceae,Geum,Geum aleppicum,36.3046,-105.5063,2530,2005,7,28,https://swbiodiversity.org/seinet/collections/individual/index.php?occid=1300615,https://rmh.uwyo.edu/images/jpeg.php?Image=RM0140063
1303638,Rosaceae,Geum,Geum aleppicum,36.6855,-105.4414,3137,2005,7,21,https://swbiodiversity.org/seinet/collections/individual/index.php?occid=1303638,https://rmh.uwyo.edu/images/jpeg.php?Image=RM0140064
1313567,Rosaceae,Geum,Geum aleppicum,36.1309,-105.5283,2660,2006,7,2,https://swbiodiversity.org/seinet/collections/individual/index.php?occid=1313567,https://rmh.uwyo.edu/images/jpeg.php?Image=RM0208002
1314127,Rosaceae,Geum,Geum aleppicum,36.5923,-105.3813,3111,2006,7,11,https://swbiodiversity.org/seinet/collections/individual/index.php?occid=1314127,https://rmh.uwyo.edu/images/jpeg.php?Image=RM0208001
1319832,Rosaceae,Geum,Geum aleppicum,43.6647,-107.4604,1690,2002,7,14,https://swbiodiversity.org/seinet/collections/individual/index.php?occid=1319832,https://rmh.uwyo.edu/images/jpeg.php?Image=RM0101881
1342914,Rosaceae,Geum,Geum aleppicum,43.7027,-109.9678,2528,2006,6,29,https://swbiodiversity.org/seinet/collections/individual/index.php?occid=1342914,https://rmh.uwyo.edu/images/jpeg.php?Image=USFS0033620
1343860,Rosaceae,Geum,Geum aleppicum,42.8647,-109.2884,3283,2006,7,18,https://swbiodiversity.org/seinet/collections/individual/index.php?occid=1343860,https://rmh.uwyo.edu/images/jpeg.php?Image=USFS0033619
1390273,Rosaceae,Geum,Geum aleppicum,35.942117,-106.646,2604,2002,6,26,https://swbiodiversity.org/seinet/collections/individual/index.php?occid=1390273,https://rmh.uwyo.edu/images/jpeg.php?Image=RM0121978
1390424,Rosaceae,Geum,Geum aleppicum,35.93095,-106.343233,2584,2002,6,28,https://swbiodiversity.org/seinet/collections/individual/index.php?occid=1390424,https://rmh.uwyo.edu/images/jpeg.php?Image=RM0121977
1392732,Rosaceae,Geum,Geum aleppicum,35.67115,-105.7412,2507,2002,8,6,https://swbiodiversity.org/seinet/collections/individual/index.php?occid=1392732,https://rmh.uwyo.edu/images/jpeg.php?Image=RM0121976
1392923,Rosaceae,Geum,Geum aleppicum,35.91945,-105.8144,2794,2002,8,9,https://swbiodiversity.org/seinet/collections/individual/index.php?occid=1392923,https://rmh.uwyo.edu/images/jpeg.php?Image=RM0121975
1393228,Rosaceae,Geum,Geum aleppicum,35.688367,-105.47995,2646,2002,8,13,https://swbiodiversity.org/seinet/collections/individual/index.php?occid=1393228,https://rmh.uwyo.edu/images/jpeg.php?Image=RM0121974
1393612,Rosaceae,Geum,Geum aleppicum,35.856767,-105.489733,2724,2002,8,15,https://swbiodiversity.org/seinet/collections/individual/index.php?occid=1393612,https://rmh.uwyo.edu/images/jpeg.php?Image=RM0121973
1393688,Rosaceae,Geum,Geum aleppicum,35.85125,-105.678967,2712,2002,8,18,https://swbiodiversity.org/seinet/collections/individual/index.php?occid=1393688,https://rmh.uwyo.edu/images/jpeg.php?Image=RM0121972
1393859,Rosaceae,Geum,Geum aleppicum,35.722283,-105.701967,2509,2002,8,20,https://swbiodiversity.org/seinet/collections/individual/index.php?occid=1393859,https://rmh.uwyo.edu/images/jpeg.php?Image=RM0121971
1395772,Rosaceae,Geum,Geum aleppicum,35.827633,-106.5875,2481,2002,6,29,https://swbiodiversity.org/seinet/collections/individual/index.php?occid=1395772,https://rmh.uwyo.edu/images/jpeg.php?Image=RM0122005
1395939,Rosaceae,Geum,Geum aleppicum,35.8145,-106.524017,2771,2002,7,12,https://swbiodiversity.org/seinet/collections/individual/index.php?occid=1395939,https://rmh.uwyo.edu/images/jpeg.php?Image=RM0122004
1399060,Rosaceae,Geum,Geum aleppicum,36.112,-106.496,2584,2003,7,11,https://swbiodiversity.org/seinet/collections/individual/index.php?occid=1399060,https://rmh.uwyo.edu/images/jpeg.php?Image=RM0121970
1399365,Rosaceae,Geum,Geum aleppicum,36.072,-106.628,2448,2003,7,14,https://swbiodiversity.org/seinet/collections/individual/index.php?occid=1399365,https://rmh.uwyo.edu/images/jpeg.php?Image=RM0121969
1399594,Rosaceae,Geum,Geum aleppicum,35.817,-105.689,2875,2003,7,19,https://swbiodiversity.org/seinet/collections/individual/index.php?occid=1399594,https://rmh.uwyo.edu/images/jpeg.php?Image=RM0121968
1399686,Rosaceae,Geum,Geum aleppicum,35.838,-105.637,2759,2003,7,20,https://swbiodiversity.org/seinet/collections/individual/index.php?occid=1399686,https://rmh.uwyo.edu/images/jpeg.php?Image=RM0121967
1401157,Rosaceae,Geum,Geum aleppicum,35.8813,-105.5781,3048,2003,8,13,https://swbiodiversity.org/seinet/collections/individual/index.php?occid=1401157,https://rmh.uwyo.edu/images/jpeg.php?Image=RM0121966
1401370,Rosaceae,Geum,Geum aleppicum,35.8279,-105.6292,2867,2003,8,17,https://swbiodiversity.org/seinet/collections/individual/index.php?occid=1401370,https://rmh.uwyo.edu/images/jpeg.php?Image=RM0121965
1401712,Rosaceae,Geum,Geum aleppicum,35.7997,-105.4941,2888,2003,8,19,https://swbiodiversity.org/seinet/collections/individual/index.php?occid=1401712,https://rmh.uwyo.edu/images/jpeg.php?Image=RM0121964
1401838,Rosaceae,Geum,Geum aleppicum,35.9048,-105.392,2746,2003,8,27,https://swbiodiversity.org/seinet/collections/individual/index.php?occid=1401838,https://rmh.uwyo.edu/images/jpeg.php?Image=RM0121963
1401938,Rosaceae,Geum,Geum aleppicum,36.0368,-105.4272,2565,2003,8,28,https://swbiodiversity.org/seinet/collections/individual/index.php?occid=1401938,https://rmh.uwyo.edu/images/jpeg.php?Image=RM0121962
1444473,Rosaceae,Geum,Geum aleppicum,42.2241,-107.5911,2131,1995,7,25,https://swbiodiversity.org/seinet/collections/individual/index.php?occid=1444473,https://rmh.uwyo.edu/images/jpeg.php?Image=RM0256590
1444589,Rosaceae,Geum,Geum aleppicum,41.1966,-105.2587,2308,1995,8,2,https://swbiodiversity.org/seinet/collections/individual/index.php?occid=1444589,https://rmh.uwyo.edu/images/jpeg.php?Image=RM0256589
1452179,Rosaceae,Geum,Geum aleppicum,35.883333,-106.583333,2731,2001,7,25,https://swbiodiversity.org/seinet/collections/individual/index.php?occid=1452179,https://rmh.uwyo.edu/images/jpeg.php?Image=RM0074649
1452846,Rosaceae,Geum,Geum aleppicum,35.87225,-106.620417,2485,2001,7,25,https://swbiodiversity.org/seinet/collections/individual/index.php?occid=1452846,https://rmh.uwyo.edu/images/jpeg.php?Image=RM0074650
1456641,Rosaceae,Geum,Geum aleppicum,35.903583,-106.620889,2569,2001,7,30,https://swbiodiversity.org/seinet/collections/individual/index.php?occid=1456641,https://rmh.uwyo.edu/images/jpeg.php?Image=RM0102249
1625196,Rosaceae,Geum,Geum aleppicum,44.7742,-109.57389,2487,1985,8,17,https://swbiodiversity.org/seinet/collections/individual/index.php?occid=1625196,https://rmh.uwyo.edu/images/jpeg.php?Image=RM0062793
1625313,Rosaceae,Geum,Geum aleppicum,44.7594,-109.4322,1894,1985,8,19,https://swbiodiversity.org/seinet/collections/individual/index.php?occid=1625313,https://rmh.uwyo.edu/images/jpeg.php?Image=RM0062782
1625451,Rosaceae,Geum,Geum aleppicum,44.6589,-109.4508,2356,1985,8,24,https://swbiodiversity.org/seinet/collections/individual/index.php?occid=1625451,https://rmh.uwyo.edu/images/jpeg.php?Image=RM0062781
1632198,Rosaceae,Geum,Geum aleppicum,44.9758,-107.47056,1521,1979,7,16,https://swbiodiversity.org/seinet/collections/individual/index.php?occid=1632198,https://rmh.uwyo.edu/images/jpeg.php?Image=RM0258791
1632270,Rosaceae,Geum,Geum aleppicum,44.9592,-107.2869,1258,1979,7,16,https://swbiodiversity.org/seinet/collections/individual/index.php?occid=1632270,https://rmh.uwyo.edu/images/jpeg.php?Image=RM0258797
1635189,Rosaceae,Geum,Geum aleppicum,44.3314,-106.81139,1834,1980,7,20,https://swbiodiversity.org/seinet/collections/individual/index.php?occid=1635189,https://rmh.uwyo.edu/images/jpeg.php?Image=RM0256593
1641875,Rosaceae,Geum,Geum aleppicum,42.3397,-107.5327,2057,1985,7,4,https://swbiodiversity.org/seinet/collections/individual/index.php?occid=1641875,https://rmh.uwyo.edu/images/jpeg.php?Image=RM0258796
1671838,Rosaceae,Geum,Geum aleppicum,44.7456,-109.5942,2279,1985,7,18,https://swbiodiversity.org/seinet/collections/individual/index.php?occid=1671838,https://rmh.uwyo.edu/images/jpeg.php?Image=RM0062792
2836882,Rosaceae,Geum,Geum aleppicum,40.324229,-111.503615,1909,1977,7,29,https://swbiodiversity.org/seinet/collections/individual/index.php?occid=2836882,http://sweetgum.nybg.org/images3/1806/661/00847692.jpg
2863303,Rosaceae,Geum,Geum aleppicum,40.6,-111.4,1932,1984,6,28,https://swbiodiversity.org/seinet/collections/individual/index.php?occid=2863303,http://sweetgum.nybg.org/images3/1800/534/00847689.jpg
3030535,Rosaceae,Geum,Geum aleppicum,38.366765,-106.774511,2612,1969,7,22,https://swbiodiversity.org/seinet/collections/individual/index.php?occid=3030535,https://swbiodiversity.org//imglib/h_seinet/intermt/RMBL/RMBL0003/RMBL0003502_lg.jpg
3044381,ROSACEAE,Geum,Geum aleppicum,40.391452,-105.493623,2330,1926,8,1,https://swbiodiversity.org/seinet/collections/individual/index.php?occid=3044381,https://swbiodiversity.org//imglib/h_seinet/seinet/KHD/KHD00037/KHD00037063_lg.jpg
3046109,ROSACEAE,Geum,Geum aleppicum,39.75556,-105.21,1781,1992,7,9,https://swbiodiversity.org/seinet/collections/individual/index.php?occid=3046109,https://swbiodiversity.org//imglib/h_seinet/seinet/KHD/KHD00038/KHD00038606_lg.jpg
3046133,ROSACEAE,Geum,Geum aleppicum,39.903083,-105.588064,2869,1909,7,23,https://swbiodiversity.org/seinet/collections/individual/index.php?occid=3046133,https://swbiodiversity.org//imglib/h_seinet/seinet/KHD/KHD00038/KHD00038607_lg.jpg
3046429,ROSACEAE,Geum,Geum aleppicum,39.834922,-105.400128,2586,1993,7,4,https://swbiodiversity.org/seinet/collections/individual/index.php?occid=3046429,https://swbiodiversity.org//imglib/h_seinet/seinet/KHD/KHD00038/KHD00038603_lg.jpg
3047970,ROSACEAE,Geum,Geum aleppicum,39.628819,-105.329631,2183,1955,7,18,https://swbiodiversity.org/seinet/collections/individual/index.php?occid=3047970,https://swbiodiversity.org//imglib/h_seinet/seinet/KHD/KHD00038/KHD00038604_lg.jpg
3048738,ROSACEAE,Geum,Geum aleppicum,39.61666,-105.41666,2440,1974,7,18,https://swbiodiversity.org/seinet/collections/individual/index.php?occid=3048738,https://swbiodiversity.org//imglib/h_seinet/seinet/KHD/KHD00014/KHD00014463_lg.jpg
3049252,ROSACEAE,Geum,Geum aleppicum,40.791311,-105.903887,2599,1944,9,2,https://swbiodiversity.org/seinet/collections/individual/index.php?occid=3049252,https://swbiodiversity.org//imglib/h_seinet/seinet/KHD/KHD00038/KHD00038605_lg.jpg
3049296,Rosaceae,Geum,Geum aleppicum,38.838555,-105.043186,4203,1912,8,1,https://swbiodiversity.org/seinet/collections/individual/index.php?occid=3049296,https://swbiodiversity.org//imglib/h_seinet/seinet/KHD/KHD00038/KHD00038608_lg.jpg
3051152,ROSACEAE,Geum,Geum aleppicum,39.906583,-105.210059,1818,1996,6,24,https://swbiodiversity.org/seinet/collections/individual/index.php?occid=3051152,https://swbiodiversity.org//imglib/h_seinet/seinet/KHD/KHD00007/KHD00007386_lg.jpg
3056369,ROSACEAE,Geum,Geum aleppicum,39.750829,-105.353557,2374,2000,6,29,https://swbiodiversity.org/seinet/collections/individual/index.php?occid=3056369,https://swbiodiversity.org//imglib/h_seinet/seinet/KHD/KHD00025/KHD00025010_lg.jpg
3059922,ROSACEAE,Geum,Geum aleppicum,39.747834,-105.380202,2297,2000,7,12,https://swbiodiversity.org/seinet/collections/individual/index.php?occid=3059922,https://swbiodiversity.org//imglib/h_seinet/seinet/KHD/KHD00009/KHD00009716_lg.jpg
3110927,Rosaceae,Geum,Geum aleppicum,37.628624,-107.922548,2723,1963,6,27,https://swbiodiversity.org/seinet/collections/individual/index.php?occid=3110927,https://api.idigbio.org/v2/media/71cab3c738810d38847064989f733ddb
3231806,Rosaceae,Geum,Geum aleppicum,40.073829,-106.099881,2447,1907,8,1,https://swbiodiversity.org/seinet/collections/individual/index.php?occid=3231806,https://swbiodiversity.org//imglib/storage/portals/seinet/sernec/wsc/plantae/WSC0005/WSC0005303_lg.jpg
3288036,Rosaceae,Geum,Geum aleppicum,42.90189,-107.537292,1959,1953,7,7,https://swbiodiversity.org/seinet/collections/individual/index.php?occid=3288036,https://swbiodiversity.org//imglib/h_seinet/seinet/KHD/KHD00004/KHD00004526_lg.jpg
4058647,Rosaceae,Geum,Geum aleppicum,35.87225,-106.62042,2485,2001,7,25,https://swbiodiversity.org/seinet/collections/individual/index.php?occid=4058647,https://api.idigbio.org/v2/media/4c2085e4d55d2772b10e2db9e3f78888
4058650,Rosaceae,Geum,Geum aleppicum,35.90358,-106.62089,2569,2001,7,30,https://swbiodiversity.org/seinet/collections/individual/index.php?occid=4058650,https://api.idigbio.org/v2/media/579faab9e84b22eba6132a993654a4bf
4091215,Rosaceae,Geum,Geum aleppicum,36.44085,-105.503539,2298,1941,6,24,https://swbiodiversity.org/seinet/collections/individual/index.php?occid=4091215,https://api.idigbio.org/v2/media/7ac64a8d7e7edd287c6f3522d0fbe94b
4091217,Rosaceae,Geum,Geum aleppicum,36.44085,-105.503539,2298,1941,6,24,https://swbiodiversity.org/seinet/collections/individual/index.php?occid=4091217,https://api.idigbio.org/v2/media/24d2d8f51ba28b0654fedbdb8f7e1d34
4091223,Rosaceae,Geum,Geum aleppicum,35.772531,-105.700851,2632,1975,7,9,https://swbiodiversity.org/seinet/collections/individual/index.php?occid=4091223,https://api.idigbio.org/v2/media/8c2d528b42539c11f7c2fc0fa3c32741
4091228,Rosaceae,Geum,Geum aleppicum,35.776357,-105.7039,2580,1960,8,24,https://swbiodiversity.org/seinet/collections/individual/index.php?occid=4091228,https://api.idigbio.org/v2/media/0bd4e71b68b1eddceca3d704b6064fb0
4091232,Rosaceae,Geum,Geum aleppicum,36.44085,-105.503539,2298,1941,6,24,https://swbiodiversity.org/seinet/collections/individual/index.php?occid=4091232,https://api.idigbio.org/v2/media/c9281a740d92c7167d11383f069e691d
4091242,Rosaceae,Geum,Geum aleppicum,36.548229,-105.551151,2497,1949,8,7,https://swbiodiversity.org/seinet/collections/individual/index.php?occid=4091242,https://api.idigbio.org/v2/media/e1b18bf6811ac7fd9bc89cc05e83b035
4091247,Rosaceae,Geum,Geum aleppicum,36.440911,-105.467765,2375,1932,7,2,https://swbiodiversity.org/seinet/collections/individual/index.php?occid=4091247,https://api.idigbio.org/v2/media/ceeefa0d674cc3d917bf9082141fa4f4
4091249,Rosaceae,Geum,Geum aleppicum,35.860801,-105.679196,2802,1930,7,5,https://swbiodiversity.org/seinet/collections/individual/index.php?occid=4091249,https://api.idigbio.org/v2/media/5177675e737b99a941647c6169c21cca
4104407,Rosaceae,Geum,Geum aleppicum,35.69065,-105.47655,2646,2002,8,13,https://swbiodiversity.org/seinet/collections/individual/index.php?occid=4104407,https://api.idigbio.org/v2/media/7e38a34fac5dbd34f2b513f17afa5770
4104408,Rosaceae,Geum,Geum aleppicum,35.8998,-105.3854,2764,2003,8,27,https://swbiodiversity.org/seinet/collections/individual/index.php?occid=4104408,https://api.idigbio.org/v2/media/c42f0f895600e4f8cd6c5d2289228154
4106735,Rosaceae,Geum,Geum aleppicum,40.35,-105.03,1541,2004,6,2,https://swbiodiversity.org/seinet/collections/individual/index.php?occid=4106735,https://api.idigbio.org/v2/media/66ac55e3245b4963771cdf9102f5a181
4107570,Rosaceae,Geum,Geum aleppicum,35.79967,-106.30845,2078,2003,8,5,https://swbiodiversity.org/seinet/collections/individual/index.php?occid=4107570,https://api.idigbio.org/v2/media/f03df86b68b56aef4297747c0af91d83
4137921,Rosaceae,Geum,Geum aleppicum,37.6829,-106.85433,2838,2013,8,19,https://swbiodiversity.org/seinet/collections/individual/index.php?occid=4137921,https://swbiodiversity.org//imglib/storage/portals/seinet/arizona/DBG_KHD/KHD00058/KHD00058397_lg.jpg
4143585,Rosaceae,Geum,Geum aleppicum,35.77037,-105.33514,2247,2012,8,1,https://swbiodiversity.org/seinet/collections/individual/index.php?occid=4143585,https://api.idigbio.org/v2/media/24dbbed4b88fc140e5509be9a62fe45e
4571220,Rosaceae,Geum,Geum aleppicum,35.84783688,-106.4259325,2723,2001,8,15,https://swbiodiversity.org/seinet/collections/individual/index.php?occid=4571220,https://api.idigbio.org/v2/media/a9ba17a3a10a538c322f2b7ca8bf44b0
4571221,Rosaceae,Geum,Geum aleppicum,35.826605,-106.393539,2631,1975,7,27,https://swbiodiversity.org/seinet/collections/individual/index.php?occid=4571221,https://api.idigbio.org/v2/media/a9bd87c24c765840d3274f08ee64996a
4694786,Rosaceae,Geum,Geum aleppicum,42.7344,-105.6109,1651,1948,6,4,https://swbiodiversity.org/seinet/collections/individual/index.php?occid=4694786,https://rmh.uwyo.edu/images/jpeg.php?Image=RM0256594
4699442,Rosaceae,Geum,Geum aleppicum,43.8284,-110.4241,2072,2006,8,3,https://swbiodiversity.org/seinet/collections/individual/index.php?occid=4699442,https://rmh.uwyo.edu/images/jpeg.php?Image=RM0017876
4704665,Rosaceae,Geum,Geum aleppicum,44.114,-110.684,2084,2007,8,15,https://swbiodiversity.org/seinet/collections/individual/index.php?occid=4704665,https://rmh.uwyo.edu/images/jpeg.php?Image=RM0017879
4714122,Rosaceae,Geum,Geum aleppicum,45.2066,-108.4072,1966,2008,8,13,https://swbiodiversity.org/seinet/collections/individual/index.php?occid=4714122,https://rmh.uwyo.edu/images/jpeg.php?Image=USFS0051833
4729293,Rosaceae,Geum,Geum aleppicum,36.994469,-104.644547,2293,2008,7,5,https://swbiodiversity.org/seinet/collections/individual/index.php?occid=4729293,https://rmh.uwyo.edu/images/jpeg.php?Image=RM0028226
4729515,Rosaceae,Geum,Geum aleppicum,36.987228,-105.133125,2644,2008,7,11,https://swbiodiversity.org/seinet/collections/individual/index.php?occid=4729515,https://rmh.uwyo.edu/images/jpeg.php?Image=RM0028225
4732304,Rosaceae,Geum,Geum aleppicum,45.1605,-109.3895,2166,2007,7,27,https://swbiodiversity.org/seinet/collections/individual/index.php?occid=4732304,https://rmh.uwyo.edu/images/jpeg.php?Image=USFS0046780
4732338,Rosaceae,Geum,Geum aleppicum,45.2234,-111.242,1898,2007,7,28,https://swbiodiversity.org/seinet/collections/individual/index.php?occid=4732338,https://rmh.uwyo.edu/images/jpeg.php?Image=USFS0065841
4732834,Rosaceae,Geum,Geum aleppicum,45.5176,-111.1119,1916,2007,8,3,https://swbiodiversity.org/seinet/collections/individual/index.php?occid=4732834,https://rmh.uwyo.edu/images/jpeg.php?Image=USFS0065862
4735580,Rosaceae,Geum,Geum aleppicum,45.5637,-111.0717,1797,2007,7,6,https://swbiodiversity.org/seinet/collections/individual/index.php?occid=4735580,https://rmh.uwyo.edu/images/jpeg.php?Image=USFS0065861
4746742,Rosaceae,Geum,Geum aleppicum,41.114,-106.3682,2494,2008,7,9,https://swbiodiversity.org/seinet/collections/individual/index.php?occid=4746742,https://rmh.uwyo.edu/images/jpeg.php?Image=RM0084768
4746848,Rosaceae,Geum,Geum aleppicum,41.1947,-106.3637,2836,2008,7,14,https://swbiodiversity.org/seinet/collections/individual/index.php?occid=4746848,https://rmh.uwyo.edu/images/jpeg.php?Image=RM0084767
4841116,Rosaceae,Geum,Geum aleppicum,45.1605,-109.3895,2166,2007,7,27,https://swbiodiversity.org/seinet/collections/individual/index.php?occid=4841116,https://rmh.uwyo.edu/images/jpeg.php?Image=USFS0047835
4848105,Rosaceae,Geum,Geum aleppicum,44.4908,-109.9456,2059,1981,7,6,https://swbiodiversity.org/seinet/collections/individual/index.php?occid=4848105,https://rmh.uwyo.edu/images/jpeg.php?Image=RM0062775
6037345,Rosaceae,Geum,Geum aleppicum,37.0205556,-106.9869444,2644,2002,6,10,https://swbiodiversity.org/seinet/collections/individual/index.php?occid=6037345,https://herbarium.sanjuancollege.edu/herbphotos/SJNM-V-006/SJNM-V-0061979.jpg
6052568,Rosaceae,Geum,Geum aleppicum,36.86118,-105.38744,2835,2013,7,26,https://swbiodiversity.org/seinet/collections/individual/index.php?occid=6052568,https://herbarium.sanjuancollege.edu/herbphotos/SJNM-V-006/SJNM-V-0061981.jpg
6072416,Rosaceae,Geum,Geum aleppicum,36.9736111,-106.7327778,2668,2000,9,9,https://swbiodiversity.org/seinet/collections/individual/index.php?occid=6072416,https://herbarium.sanjuancollege.edu/herbphotos/SJNM-V-006/SJNM-V-0061984.jpg
6081924,Rosaceae,Geum,Geum aleppicum,36.86064,-105.386076,2835,2014,8,4,https://swbiodiversity.org/seinet/collections/individual/index.php?occid=6081924,https://herbarium.sanjuancollege.edu/herbphotos/SJNM-V-006/SJNM-V-0061980.jpg
6084943,Rosaceae,Geum,Geum aleppicum,37.14288,-106.43828,3092,2003,7,19,https://swbiodiversity.org/seinet/collections/individual/index.php?occid=6084943,https://herbarium.sanjuancollege.edu/herbphotos/SJNM-V-006/SJNM-V-0061991.jpg
6093216,Rosaceae,Geum,Geum aleppicum,36.28193333,-105.15725,2805,2008,7,19,https://swbiodiversity.org/seinet/collections/individual/index.php?occid=6093216,https://herbarium.sanjuancollege.edu/herbphotos/SJNM-V-006/SJNM-V-0061982.jpg
6093465,Rosaceae,Geum,Geum aleppicum,37.53638889,-107.8186111,2513,2005,6,7,https://swbiodiversity.org/seinet/collections/individual/index.php?occid=6093465,https://herbarium.sanjuancollege.edu/herbphotos/SJNM-V-006/SJNM-V-0061978.jpg
6773016,Rosaceae,Geum,Geum aleppicum,39.54726,-105.09059,1683,2014,7,10,https://swbiodiversity.org/seinet/collections/individual/index.php?occid=6773016,https://swbiodiversity.org//imglib/storage/portals/seinet/arizona/DBG_KHD/KHD00058/KHD00058893_lg.jpg
8584640,Rosaceae,Geum,Geum aleppicum,37.6829,-106.85433,2838,2013,8,19,https://swbiodiversity.org/seinet/collections/individual/index.php?occid=8584640,https://api.idigbio.org/v2/media/1b149664df73ed045b4d276634e96dc7
10285681,Rosaceae,Geum,Geum aleppicum,39.54879,-105.09607,1683,2016,6,15,https://swbiodiversity.org/seinet/collections/individual/index.php?occid=10285681,https://swbiodiversity.org//imglib/storage/portals/seinet/arizona/DBG_KHD/KHD00061/KHD00061493_lg.jpg
12967653,Rosaceae,Geum,Geum aleppicum,43.4139,-110.7044,2067,1994,7,12,https://swbiodiversity.org/seinet/collections/individual/index.php?occid=12967653,https://rmh.uwyo.edu/images/jpeg.php?Image=RM0258809
13038036,Rosaceae,Geum,Geum aleppicum,41.3449,-107.5266,2266,1996,7,24,https://swbiodiversity.org/seinet/collections/individual/index.php?occid=13038036,https://rmh.uwyo.edu/images/jpeg.php?Image=RM0258798
13937990,Rosaceae,Geum,Geum aleppicum,42.094135,-105.550271,2170,1900,7,9,https://swbiodiversity.org/seinet/collections/individual/index.php?occid=13937990,https://botanydb.colorado.edu/COLO_V/01112/01112432.jpg
13937998,Rosaceae,Geum,Geum aleppicum,35.85125,-105.678967,2712,2002,8,18,https://swbiodiversity.org/seinet/collections/individual/index.php?occid=13937998,https://botanydb.colorado.edu/COLO_V/01112/01112515.jpg
13938008,Rosaceae,Geum,Geum aleppicum,35.663918,-106.414473,1763,1972,7,24,https://swbiodiversity.org/seinet/collections/individual/index.php?occid=13938008,https://botanydb.colorado.edu/COLO_V/01112/01112614.jpg
14171251,Rosaceae,Geum,Geum aleppicum,35.760457,-105.622419,2894,1984,8,19,https://swbiodiversity.org/seinet/collections/individual/index.php?occid=14171251,https://swbiodiversity.org//imglib/storage/vt/vplants/UVMVT212/UVMVT212401_lg.jpg
14837516,Rosaceae,Geum,Geum aleppicum,43.806386,-115.122842,1673,1937,7,11,https://swbiodiversity.org/seinet/collections/individual/index.php?occid=14837516,http://sweetgum.nybg.org/images3/1809/521/02574205.jpg
16900029,Rosaceae,Geum,Geum aleppicum,38.789642,-104.873894,1978,1971,6,24,https://swbiodiversity.org/seinet/collections/individual/index.php?occid=16900029,https://api.idigbio.org/v2/media/d7be782a44ea74fb8e33e35d639a4a9c
16900031,Rosaceae,Geum,Geum aleppicum,38.831779,-105.19102,2753,1980,6,30,https://swbiodiversity.org/seinet/collections/individual/index.php?occid=16900031,https://api.idigbio.org/v2/media/3e24ff8ec9355053b88a7f8ca6bdc573
16900032,Rosaceae,Geum,Geum aleppicum,38.916195,-105.08581,2918,1987,7,27,https://swbiodiversity.org/seinet/collections/individual/index.php?occid=16900032,https://api.idigbio.org/v2/media/43e521ca175f1ce0a04f61d9c9afcc54
16900033,Rosaceae,Geum,Geum aleppicum,38.916195,-105.08581,2918,1987,7,27,https://swbiodiversity.org/seinet/collections/individual/index.php?occid=16900033,https://api.idigbio.org/v2/media/e3c5896296dcc912c8eec895ceba4232
16903177,Rosaceae,Geum,Geum aleppicum,38.71453,-104.86749,2196,1999,6,28,https://swbiodiversity.org/seinet/collections/individual/index.php?occid=16903177,https://api.idigbio.org/v2/media/a2e818e5ed18c20b7dd81b882e8e2584
16903202,Rosaceae,Geum,Geum aleppicum,38.921351,-104.895125,2275,1999,7,1,https://swbiodiversity.org/seinet/collections/individual/index.php?occid=16903202,https://api.idigbio.org/v2/media/933b1cdaca7c5edca07457d700a832cd
16904848,Rosaceae,Geum,Geum aleppicum,38.251339,-105.202923,2618,2006,9,7,https://swbiodiversity.org/seinet/collections/individual/index.php?occid=16904848,https://api.idigbio.org/v2/media/7147a1a1288df4e4d35d00011a16e5bd
19803605,Rosaceae,Geum,Geum aleppicum,39.8915,-107.8702,2513,1990,7,9,https://swbiodiversity.org/seinet/collections/individual/index.php?occid=19803605,https://botanydb.colorado.edu/botany/COLO_V/02084/02084341.jpg
19992157,Rosaceae,Geum,Geum aleppicum,40.77196512,-105.5341002,2541,1896,7,11,https://swbiodiversity.org/seinet/collections/individual/index.php?occid=19992157,http://sweetgum.nybg.org/images3/2354/934/02800277.jpg
19992587,Rosaceae,Geum,Geum aleppicum,38.842218,-106.131129,2429,1896,7,1,https://swbiodiversity.org/seinet/collections/individual/index.php?occid=19992587,http://sweetgum.nybg.org/images3/2354/946/02800290.jpg
19992912,Rosaceae,Geum,Geum aleppicum,40.619174,-105.357251,2237,1897,6,24,https://swbiodiversity.org/seinet/collections/individual/index.php?occid=19992912,http://sweetgum.nybg.org/images3/2354/936/02800279.jpg
19997569,Rosaceae,Geum,Geum aleppicum,48.019627,-116.806587,668,1946,7,5,https://swbiodiversity.org/seinet/collections/individual/index.php?occid=19997569,http://sweetgum.nybg.org/images3/2354/928/02800260.jpg
20004088,Rosaceae,Geum,Geum aleppicum,35.577896,-105.679775,2112,1908,8,19,https://swbiodiversity.org/seinet/collections/individual/index.php?occid=20004088,http://sweetgum.nybg.org/images3/2363/873/02800309.jpg
20004142,Rosaceae,Geum,Geum aleppicum,36.558068,-105.187223,3090,1973,7,3,https://swbiodiversity.org/seinet/collections/individual/index.php?occid=20004142,http://sweetgum.nybg.org/images3/2363/877/02800313.jpg
20005500,Rosaceae,Geum,Geum aleppicum,40.462745,-108.545102,1915,1898,7,14,https://swbiodiversity.org/seinet/collections/individual/index.php?occid=20005500,http://sweetgum.nybg.org/images3/2354/942/02800286.jpg
20006350,Rosaceae,Geum,Geum aleppicum,38.545825,-106.925321,2355,1901,7,18,https://swbiodiversity.org/seinet/collections/individual/index.php?occid=20006350,http://sweetgum.nybg.org/images3/2354/947/02800291.jpg
20007346,Rosaceae,Geum,Geum aleppicum,37.223614,-107.340881,2038,1899,7,14,https://swbiodiversity.org/seinet/collections/individual/index.php?occid=20007346,http://sweetgum.nybg.org/images3/2354/948/02800292.jpg
20007937,Rosaceae,Geum,Geum aleppicum,39.65986,-105.60464,3249,2007,7,18,https://swbiodiversity.org/seinet/collections/individual/index.php?occid=20007937,http://sweetgum.nybg.org/images3/2354/929/02800272.jpg
20008879,Rosaceae,Geum,Geum aleppicum,37.590917,-105.246057,2806,1900,6,22,https://swbiodiversity.org/seinet/collections/individual/index.php?occid=20008879,http://sweetgum.nybg.org/images3/2354/932/02800275.jpg
20009257,Rosaceae,Geum,Geum aleppicum,37.273836,-106.623034,3205,1976,7,3,https://swbiodiversity.org/seinet/collections/individual/index.php?occid=20009257,http://sweetgum.nybg.org/images3/2354/953/02800297.jpg
20607309,Rosaceae,Geum,Geum aleppicum,39.953533,-105.31895,2094,2014,7,6,https://swbiodiversity.org/seinet/collections/individual/index.php?occid=20607309,https://api.idigbio.org/v2/media/c05d04124bdde3e2ca881b801748ed39
21949362,Rosaceae,Geum,Geum aleppicum,40.8,-105.7166667,3028,1982,7,15,https://swbiodiversity.org/seinet/collections/individual/index.php?occid=21949362,https://repository.library.brown.edu/iiif/image/bdr:851407/full/full/0/default.jpg
21990815,Rosaceae,Geum,Geum aleppicum,36.88072222,-104.6580833,2316,2005,7,18,https://swbiodiversity.org/seinet/collections/individual/index.php?occid=21990815,https://swbiodiversity.org//imglib/seinet/soro/GREE_GREE/00018/18090_lg.jpg
21991264,Rosaceae,Geum,Geum aleppicum,36.54869444,-105.1340278,2331,2005,7,21,https://swbiodiversity.org/seinet/collections/individual/index.php?occid=21991264,https://swbiodiversity.org//imglib/seinet/soro/GREE_GREE/00018/18540_lg.jpg
21998619,Rosaceae,Geum,Geum aleppicum,35.838,-105.637,2759,2003,6,20,https://swbiodiversity.org/seinet/collections/individual/index.php?occid=21998619,https://swbiodiversity.org//imglib/seinet/soro/GREE_GREE/00026/26061_lg.jpg
21998620,Rosaceae,Geum,Geum aleppicum,40.377206,-105.521665,2324,2010,8,8,https://swbiodiversity.org/seinet/collections/individual/index.php?occid=21998620,https://swbiodiversity.org//imglib/seinet/soro/GREE_GREE/00026/26062_lg.jpg
21998621,Rosaceae,Geum,Geum aleppicum,37.505012,-105.007775,2204,2017,6,22,https://swbiodiversity.org/seinet/collections/individual/index.php?occid=21998621,https://swbiodiversity.org//imglib/seinet/soro/GREE_GREE/00026/26063_lg.jpg
21998622,Rosaceae,Geum,Geum aleppicum,40.453872,-105.449161,2299,2005,8,10,https://swbiodiversity.org/seinet/collections/individual/index.php?occid=21998622,https://swbiodiversity.org//imglib/seinet/soro/GREE_GREE/00026/26064_lg.jpg
22129605,Rosaceae,Geum,Geum aleppicum,37.896,-105.4148,2808,2019,7,26,https://swbiodiversity.org/seinet/collections/individual/index.php?occid=22129605,https://herbarium.sanjuancollege.edu/herbphotos/SJNM-V-006/SJNM-V-0061977.jpg
22479297,Rosaceae,Geum,Geum aleppicum,36.5547,-105.19085,3228,1968,7,31,https://swbiodiversity.org/seinet/collections/individual/index.php?occid=22479297,http://biimages.biodiversity.ku.edu/static/VascularPlant/originals/2015_04_02-KANU00237219.jpg
22485339,Rosaceae,Geum,Geum aleppicum,42.41167,-105.36028,1976,1989,6,24,https://swbiodiversity.org/seinet/collections/individual/index.php?occid=22485339,http://biimages.biodiversity.ku.edu/static/VascularPlant/originals/2015_04_02-KANU00237234.jpg
22496803,Rosaceae,Geum,Geum aleppicum,37.31705,-104.95195,2625,1970,8,5,https://swbiodiversity.org/seinet/collections/individual/index.php?occid=22496803,http://biimages.biodiversity.ku.edu/static/VascularPlant/originals/2015_04_02-KANU00237247.jpg
22528012,Rosaceae,Geum,Geum aleppicum,40.639881,-111.407081,1913,1937,7,17,https://swbiodiversity.org/seinet/collections/individual/index.php?occid=22528012,http://biimages.biodiversity.ku.edu/static/VascularPlant/originals/2015_04_02-KANU00237228.jpg
22690156,Rosaceae,Geum,Geum aleppicum,35.62639,-105.67444,2296,1949,8,8,https://swbiodiversity.org/seinet/collections/individual/index.php?occid=22690156,http://biimages.biodiversity.ku.edu/static/VascularPlant/originals/2015_04_02-KANU00237212.jpg
22861820,Rosaceae,Geum,Geum aleppicum,40.648,-105.6974,3229,1963,6,24,https://swbiodiversity.org/seinet/collections/individual/index.php?occid=22861820,https://swbiodiversity.org//imglib/h_seinet/seinet/ASU/ASU0127/ASU0127207_lg.jpg
22864629,Rosaceae,Geum,Geum aleppicum,40.7341,-105.5242,2377,1970,7,9,https://swbiodiversity.org/seinet/collections/individual/index.php?occid=22864629,https://swbiodiversity.org//imglib/h_seinet/seinet/ASU/ASU0127/ASU0127274_lg.jpg
23991994,Rosaceae,Geum,Geum aleppicum,39.20355,-104.96328,2303,2019,7,9,https://swbiodiversity.org/seinet/collections/individual/index.php?occid=23991994,https://swbiodiversity.org//imglib/seinet/swnode/DBG_KHD/KHD00072/KHD00072331_lg.jpg
24225509,Rosaceae,Geum,Geum aleppicum,36.54094,-105.70441,2074,2018,7,10,https://swbiodiversity.org/seinet/collections/individual/index.php?occid=24225509,https://swbiodiversity.org//imglib/seinet/swnode/BLM_TAFO/00000/DSC_0033_Geum246_1581543618_lg.jpg
24641097,Rosaceae,Geum,Geum aleppicum,35.760457,-105.622419,2894,1984,8,19,https://swbiodiversity.org/seinet/collections/individual/index.php?occid=24641097,http://sweetgum.nybg.org/images3/2363/865/02800301.jpg
24641100,Rosaceae,Geum,Geum aleppicum,35.823577,-105.701505,2872,1972,7,25,https://swbiodiversity.org/seinet/collections/individual/index.php?occid=24641100,http://sweetgum.nybg.org/images3/2363/872/02800308.jpg
24641102,Rosaceae,Geum,Geum aleppicum,35.618278,-105.507298,2966,1908,7,6,https://swbiodiversity.org/seinet/collections/individual/index.php?occid=24641102,http://sweetgum.nybg.org/images3/2363/878/02800314.jpg
24641516,Rosaceae,Geum,Geum aleppicum,38.50277,-106.728369,2432,1901,8,18,https://swbiodiversity.org/seinet/collections/individual/index.php?occid=24641516,http://sweetgum.nybg.org/images3/2354/952/02800296.jpg
24673831,Rosaceae,Geum,Geum aleppicum,39.659089,-105.602953,3249,1941,8,10,https://swbiodiversity.org/seinet/collections/individual/index.php?occid=24673831,http://sweetgum.nybg.org/images3/2354/950/02800294.jpg
24686414,Rosaceae,Geum,Geum aleppicum,37.344996,-108.289249,2148,1898,6,22,https://swbiodiversity.org/seinet/collections/individual/index.php?occid=24686414,http://sweetgum.nybg.org/images3/2354/944/02800288.jpg
24759581,Rosaceae,Geum,Geum aleppicum,37.5394,-106.3932,3171,1984,8,8,https://swbiodiversity.org/seinet/collections/individual/index.php?occid=24759581,http://sweetgum.nybg.org/images3/2354/930/02800273.jpg
24760677,Rosaceae,Geum,Geum aleppicum,46.63739,-114.55394,1593,2015,6,20,https://swbiodiversity.org/seinet/collections/individual/index.php?occid=24760677,http://sweetgum.nybg.org/images3/2437/613/03106387.jpg
25283206,Rosaceae,Geum,Geum aleppicum,40.619174,-105.357251,2237,1897,6,24,https://swbiodiversity.org/seinet/collections/individual/index.php?occid=25283206,http://sweetgum.nybg.org/images3/2354/949/02800293.jpg
25305044,Rosaceae,Geum,Geum aleppicum,40.155264,-106.435885,2308,1985,7,11,https://swbiodiversity.org/seinet/collections/individual/index.php?occid=25305044,http://sweetgum.nybg.org/images3/2354/931/02800274.jpg
27174183,Rosaceae,Geum,Geum aleppicum,43.895,-108.8225,2121,1992,7,10,https://swbiodiversity.org/seinet/collections/individual/index.php?occid=27174183,https://rmh.uwyo.edu/images/jpeg.php?Image=RM0256592
27174184,Rosaceae,Geum,Geum aleppicum,41.0576,-106.0139,2322,1895,7,27,https://swbiodiversity.org/seinet/collections/individual/index.php?occid=27174184,https://rmh.uwyo.edu/images/jpeg.php?Image=RM0256591
27174185,Rosaceae,Geum,Geum aleppicum,44.7614,-106.9595,1191,1913,7,9,https://swbiodiversity.org/seinet/collections/individual/index.php?occid=27174185,https://rmh.uwyo.edu/images/jpeg.php?Image=RM0256588
27174187,Rosaceae,Geum,Geum aleppicum,41.0577,-106.0131,2322,1895,7,31,https://swbiodiversity.org/seinet/collections/individual/index.php?occid=27174187,https://rmh.uwyo.edu/images/jpeg.php?Image=RM0256586
27174188,Rosaceae,Geum,Geum aleppicum,44.8336,-109.6175,2060,1924,8,22,https://swbiodiversity.org/seinet/collections/individual/index.php?occid=27174188,https://rmh.uwyo.edu/images/jpeg.php?Image=RM0256585
27174190,Rosaceae,Geum,Geum aleppicum,42.094,-105.5662,2154,1900,7,9,https://swbiodiversity.org/seinet/collections/individual/index.php?occid=27174190,https://rmh.uwyo.edu/images/jpeg.php?Image=RM0256583
27174191,Rosaceae,Geum,Geum aleppicum,41.1104,-105.3351,2423,1913,7,27,https://swbiodiversity.org/seinet/collections/individual/index.php?occid=27174191,https://rmh.uwyo.edu/images/jpeg.php?Image=RM0256573
27174193,Rosaceae,Geum,Geum aleppicum,41.2967,-106.1573,2573,1927,8,2,https://swbiodiversity.org/seinet/collections/individual/index.php?occid=27174193,https://rmh.uwyo.edu/images/jpeg.php?Image=USFS0070708
27174194,Rosaceae,Geum,Geum aleppicum,44.7614,-106.9595,1191,1913,7,9,https://swbiodiversity.org/seinet/collections/individual/index.php?occid=27174194,https://rmh.uwyo.edu/images/jpeg.php?Image=RM0258787
27174196,Rosaceae,Geum,Geum aleppicum,44.5572,-110.829,2204,1906,7,15,https://swbiodiversity.org/seinet/collections/individual/index.php?occid=27174196,https://rmh.uwyo.edu/images/jpeg.php?Image=RM0258784
28695122,Rosaceae,Geum,Geum aleppicum,42.8647,-109.2884,3283,2006,7,18,https://swbiodiversity.org/seinet/collections/individual/index.php?occid=28695122,http://sdplantatlas.org/Synoptic1/HighResDownload/H213897.jpg
28971066,Rosaceae,Geum,Geum aleppicum,35.800389,-105.489046,2850,2003,8,19,https://swbiodiversity.org/seinet/collections/individual/index.php?occid=28971066,http://arctos.database.museum/media/10712598?open
