coreID1,coreID2,species1,species2,annotation-ID1,annotation-ID2,image-ID1,image-ID2,image-URL1,image-URL2,bud1,bud2,flower1,flower2,fruit1,fruit2,is-duplicated1,is-duplicated2,setNum1,setNum2,sequence1,sequence2,username1,username2,user-ID1,user-ID2,time-spent1 (seconds),time-spent2 (seconds),date1,date2,time1,time2,dejavu-score (%),hit-id1,hit-id2,is-test1,is-test2
26761974,26761974,Helianthus_nuttallii,Helianthus_nuttallii,8921849,8922549,315797,315797,https://crowdcurio-experiment-images.s3.amazonaws.com/Helianthus_nuttallii/images/Helianthus_nuttallii.26761974.jpg,https://crowdcurio-experiment-images.s3.amazonaws.com/Helianthus_nuttallii/images/Helianthus_nuttallii.26761974.jpg,0,0,4,4,1,1,FALSE,TRUE,1,1,1,6,A2E7M97HVIEN9Z,A2E7M97HVIEN9Z,21092,21092,55.48,47.69,2024/4/16,2024/4/16,15:31:20,15:33:41,100,3P6ENY9P8SGQIB1F5RY3IDVXEYXHIG,3P6ENY9P8SGQIB1F5RY3IDVXEYXHIG,FALSE,FALSE
19996731,19996731,Helianthus_nuttallii,Helianthus_nuttallii,8924223,8924754,315774,315774,https://crowdcurio-experiment-images.s3.amazonaws.com/Helianthus_nuttallii/images/Helianthus_nuttallii.19996731.jpg,https://crowdcurio-experiment-images.s3.amazonaws.com/Helianthus_nuttallii/images/Helianthus_nuttallii.19996731.jpg,0,0,1,1,0,0,FALSE,TRUE,1,1,2,9,A3MSYMSTHZJI98,A3MSYMSTHZJI98,15070,15070,6.14,7.7,2024/4/16,2024/4/16,15:39:25,15:41:05,100,3P6ENY9P8SGQIB1F5RY3IDVXEYXHIG,3P6ENY9P8SGQIB1F5RY3IDVXEYXHIG,FALSE,FALSE
17193492,17193492,Helianthus_nuttallii,Helianthus_nuttallii,8924230,8925409,315767,315767,https://crowdcurio-experiment-images.s3.amazonaws.com/Helianthus_nuttallii/images/Helianthus_nuttallii.17193492.jpg,https://crowdcurio-experiment-images.s3.amazonaws.com/Helianthus_nuttallii/images/Helianthus_nuttallii.17193492.jpg,0,0,3,3,2,2,FALSE,TRUE,2,2,2,7,A2E7M97HVIEN9Z,A2E7M97HVIEN9Z,21092,21092,30.61,19.49,2024/4/16,2024/4/16,15:39:28,15:42:49,100,3P6ENY9P8SGQIB1F5RY3IDVXEYXHIG,3P6ENY9P8SGQIB1F5RY3IDVXEYXHIG,FALSE,FALSE
21979989,21979989,Helianthus_nuttallii,Helianthus_nuttallii,8923293,8927269,315785,315785,https://crowdcurio-experiment-images.s3.amazonaws.com/Helianthus_nuttallii/images/Helianthus_nuttallii.21979989.jpg,https://crowdcurio-experiment-images.s3.amazonaws.com/Helianthus_nuttallii/images/Helianthus_nuttallii.21979989.jpg,0,0,5,5,1,1,FALSE,TRUE,1,1,2,8,ADD9YQF4TM250,ADD9YQF4TM250,21208,21208,95.21,141.6,2024/4/16,2024/4/16,15:36:19,15:47:13,100,3P6ENY9P8SGQIB1F5RY3IDVXEYXHIG,3P6ENY9P8SGQIB1F5RY3IDVXEYXHIG,FALSE,FALSE
16619282,16619282,Helianthus_nuttallii,Helianthus_nuttallii,8925980,8926953,315762,315762,https://crowdcurio-experiment-images.s3.amazonaws.com/Helianthus_nuttallii/images/Helianthus_nuttallii.16619282.jpg,https://crowdcurio-experiment-images.s3.amazonaws.com/Helianthus_nuttallii/images/Helianthus_nuttallii.16619282.jpg,0,0,2,1,6,7,FALSE,TRUE,3,3,1,7,A2E7M97HVIEN9Z,A2E7M97HVIEN9Z,21092,21092,34.6,18.27,2024/4/16,2024/4/16,15:44:17,15:46:35,88,3P6ENY9P8SGQIB1F5RY3IDVXEYXHIG,3P6ENY9P8SGQIB1F5RY3IDVXEYXHIG,FALSE,FALSE
13860152,13860152,Helianthus_nuttallii,Helianthus_nuttallii,8929909,8930895,315740,315740,https://crowdcurio-experiment-images.s3.amazonaws.com/Helianthus_nuttallii/images/Helianthus_nuttallii.13860152.jpg,https://crowdcurio-experiment-images.s3.amazonaws.com/Helianthus_nuttallii/images/Helianthus_nuttallii.13860152.jpg,0,0,4,5,8,7,FALSE,TRUE,4,4,7,10,A2E7M97HVIEN9Z,A2E7M97HVIEN9Z,21092,21092,46.98,47.47,2024/4/16,2024/4/16,15:53:01,15:54:58,92,3P6ENY9P8SGQIB1F5RY3IDVXEYXHIG,3P6ENY9P8SGQIB1F5RY3IDVXEYXHIG,FALSE,FALSE
16619176,16619176,Helianthus_nuttallii,Helianthus_nuttallii,8928175,8930804,315748,315748,https://crowdcurio-experiment-images.s3.amazonaws.com/Helianthus_nuttallii/images/Helianthus_nuttallii.16619176.jpg,https://crowdcurio-experiment-images.s3.amazonaws.com/Helianthus_nuttallii/images/Helianthus_nuttallii.16619176.jpg,0,0,0,0,7,6,FALSE,TRUE,1,1,2,10,A195FIZ9VENS1R,A195FIZ9VENS1R,22431,22431,34.27,28.13,2024/4/16,2024/4/16,15:49:24,15:54:46,93,3P6ENY9P8SGQIB1F5RY3IDVXEYXHIG,3P6ENY9P8SGQIB1F5RY3IDVXEYXHIG,FALSE,FALSE
13856967,13856967,Helianthus_nuttallii,Helianthus_nuttallii,8934621,8938047,315733,315733,https://crowdcurio-experiment-images.s3.amazonaws.com/Helianthus_nuttallii/images/Helianthus_nuttallii.13856967.jpg,https://crowdcurio-experiment-images.s3.amazonaws.com/Helianthus_nuttallii/images/Helianthus_nuttallii.13856967.jpg,0,0,3,3,0,0,FALSE,TRUE,2,2,6,10,ADD9YQF4TM250,ADD9YQF4TM250,21208,21208,89.07,73.59,2024/4/16,2024/4/16,16:02:53,16:10:29,100,3P6ENY9P8SGQIB1F5RY3IDVXEYXHIG,3P6ENY9P8SGQIB1F5RY3IDVXEYXHIG,FALSE,FALSE
13856843,13856843,Helianthus_nuttallii,Helianthus_nuttallii,8937939,8938450,315722,315722,https://crowdcurio-experiment-images.s3.amazonaws.com/Helianthus_nuttallii/images/Helianthus_nuttallii.13856843.jpg,https://crowdcurio-experiment-images.s3.amazonaws.com/Helianthus_nuttallii/images/Helianthus_nuttallii.13856843.jpg,0,0,9,6,0,0,FALSE,TRUE,1,1,2,6,A1W8Q8588VAV4R,A1W8Q8588VAV4R,20328,20328,35.64,29.71,2024/4/16,2024/4/16,16:10:12,16:11:33,80,3P6ENY9P8SGQIB1F5RY3IDVXEYXHIG,3P6ENY9P8SGQIB1F5RY3IDVXEYXHIG,FALSE,FALSE
5752291,5752291,Helianthus_nuttallii,Helianthus_nuttallii,8939661,8940219,315700,315700,https://crowdcurio-experiment-images.s3.amazonaws.com/Helianthus_nuttallii/images/Helianthus_nuttallii.5752291.jpg,https://crowdcurio-experiment-images.s3.amazonaws.com/Helianthus_nuttallii/images/Helianthus_nuttallii.5752291.jpg,1,0,0,1,0,0,FALSE,TRUE,2,2,5,10,A1W8Q8588VAV4R,A1W8Q8588VAV4R,20328,20328,36.08,13.43,2024/4/16,2024/4/16,16:14:52,16:16:25,0,3P6ENY9P8SGQIB1F5RY3IDVXEYXHIG,3P6ENY9P8SGQIB1F5RY3IDVXEYXHIG,FALSE,FALSE
6097894,6097894,Helianthus_nuttallii,Helianthus_nuttallii,8939438,8940673,315706,315706,https://crowdcurio-experiment-images.s3.amazonaws.com/Helianthus_nuttallii/images/Helianthus_nuttallii.6097894.jpg,https://crowdcurio-experiment-images.s3.amazonaws.com/Helianthus_nuttallii/images/Helianthus_nuttallii.6097894.jpg,0,0,0,0,9,9,FALSE,TRUE,1,1,1,9,A1QZ3Q32BK3BVB,A1QZ3Q32BK3BVB,22326,22326,26.73,15.16,2024/4/16,2024/4/16,16:14:16,16:17:53,100,3P6ENY9P8SGQIB1F5RY3IDVXEYXHIG,3P6ENY9P8SGQIB1F5RY3IDVXEYXHIG,FALSE,FALSE
4072697,4072697,Helianthus_nuttallii,Helianthus_nuttallii,8940992,8941615,315691,315691,https://crowdcurio-experiment-images.s3.amazonaws.com/Helianthus_nuttallii/images/Helianthus_nuttallii.4072697.jpg,https://crowdcurio-experiment-images.s3.amazonaws.com/Helianthus_nuttallii/images/Helianthus_nuttallii.4072697.jpg,1,0,1,1,0,1,FALSE,TRUE,1,1,2,6,A1YPBZS3UWBA2B,A1YPBZS3UWBA2B,19569,19569,16.58,15.6,2024/4/16,2024/4/16,16:18:53,16:20:31,50,3P6ENY9P8SGQIB1F5RY3IDVXEYXHIG,3P6ENY9P8SGQIB1F5RY3IDVXEYXHIG,FALSE,FALSE
3055667,3055667,Helianthus_nuttallii,Helianthus_nuttallii,8941087,8941663,315678,315678,https://crowdcurio-experiment-images.s3.amazonaws.com/Helianthus_nuttallii/images/Helianthus_nuttallii.3055667.jpg,https://crowdcurio-experiment-images.s3.amazonaws.com/Helianthus_nuttallii/images/Helianthus_nuttallii.3055667.jpg,0,0,1,1,0,0,FALSE,TRUE,2,2,2,7,A1QZ3Q32BK3BVB,A1QZ3Q32BK3BVB,22326,22326,14,11.9,2024/4/16,2024/4/16,16:19:10,16:20:39,100,3P6ENY9P8SGQIB1F5RY3IDVXEYXHIG,3P6ENY9P8SGQIB1F5RY3IDVXEYXHIG,FALSE,FALSE
8021409,8021409,Helianthus_nuttallii,Helianthus_nuttallii,8940889,8944024,315715,315715,https://crowdcurio-experiment-images.s3.amazonaws.com/Helianthus_nuttallii/images/Helianthus_nuttallii.8021409.jpg,https://crowdcurio-experiment-images.s3.amazonaws.com/Helianthus_nuttallii/images/Helianthus_nuttallii.8021409.jpg,0,0,3,3,1,1,FALSE,TRUE,3,3,6,10,ADD9YQF4TM250,ADD9YQF4TM250,21208,21208,46.97,69.84,2024/4/16,2024/4/16,16:18:33,16:26:15,100,3P6ENY9P8SGQIB1F5RY3IDVXEYXHIG,3P6ENY9P8SGQIB1F5RY3IDVXEYXHIG,FALSE,FALSE
3040498,3040498,Helianthus_nuttallii,Helianthus_nuttallii,8942744,8943851,315673,315673,https://crowdcurio-experiment-images.s3.amazonaws.com/Helianthus_nuttallii/images/Helianthus_nuttallii.3040498.jpg,https://crowdcurio-experiment-images.s3.amazonaws.com/Helianthus_nuttallii/images/Helianthus_nuttallii.3040498.jpg,0,0,5,5,1,1,FALSE,TRUE,3,3,2,8,A1QZ3Q32BK3BVB,A1QZ3Q32BK3BVB,22326,22326,20.95,19.9,2024/4/16,2024/4/16,16:23:15,16:25:55,100,3P6ENY9P8SGQIB1F5RY3IDVXEYXHIG,3P6ENY9P8SGQIB1F5RY3IDVXEYXHIG,FALSE,FALSE
479748,479748,Helianthus_nuttallii,Helianthus_nuttallii,8945522,8946087,315654,315654,https://crowdcurio-experiment-images.s3.amazonaws.com/Helianthus_nuttallii/images/Helianthus_nuttallii.479748.jpg,https://crowdcurio-experiment-images.s3.amazonaws.com/Helianthus_nuttallii/images/Helianthus_nuttallii.479748.jpg,0,0,4,4,0,0,FALSE,TRUE,4,4,6,9,A1QZ3Q32BK3BVB,A1QZ3Q32BK3BVB,22326,22326,17.55,27.18,2024/4/16,2024/4/16,16:29:42,16:31:14,100,3P6ENY9P8SGQIB1F5RY3IDVXEYXHIG,3P6ENY9P8SGQIB1F5RY3IDVXEYXHIG,FALSE,FALSE
523427,523427,Helianthus_nuttallii,Helianthus_nuttallii,8945113,8949428,315665,315665,https://crowdcurio-experiment-images.s3.amazonaws.com/Helianthus_nuttallii/images/Helianthus_nuttallii.523427.jpg,https://crowdcurio-experiment-images.s3.amazonaws.com/Helianthus_nuttallii/images/Helianthus_nuttallii.523427.jpg,0,0,4,4,7,7,FALSE,TRUE,4,4,1,9,ADD9YQF4TM250,ADD9YQF4TM250,21208,21208,127.81,84.2,2024/4/16,2024/4/16,16:28:36,16:38:59,100,3P6ENY9P8SGQIB1F5RY3IDVXEYXHIG,3P6ENY9P8SGQIB1F5RY3IDVXEYXHIG,FALSE,FALSE
521256,521256,Helianthus_nuttallii,Helianthus_nuttallii,8949520,8950049,315663,315663,https://crowdcurio-experiment-images.s3.amazonaws.com/Helianthus_nuttallii/images/Helianthus_nuttallii.521256.jpg,https://crowdcurio-experiment-images.s3.amazonaws.com/Helianthus_nuttallii/images/Helianthus_nuttallii.521256.jpg,0,0,1,1,2,2,FALSE,TRUE,1,1,5,9,A2DMORDL4NYU45,A2DMORDL4NYU45,22472,22472,34.72,9.01,2024/4/16,2024/4/16,16:39:09,16:40:20,100,3P6ENY9P8SGQIB1F5RY3IDVXEYXHIG,3P6ENY9P8SGQIB1F5RY3IDVXEYXHIG,FALSE,FALSE
30086079,30086079,Helianthus_nuttallii,Helianthus_nuttallii,8950916,8951607,315800,315800,https://crowdcurio-experiment-images.s3.amazonaws.com/Helianthus_nuttallii/images/Helianthus_nuttallii.30086079.jpg,https://crowdcurio-experiment-images.s3.amazonaws.com/Helianthus_nuttallii/images/Helianthus_nuttallii.30086079.jpg,1,1,0,0,0,0,FALSE,TRUE,2,2,5,10,A2DMORDL4NYU45,A2DMORDL4NYU45,22472,22472,10.48,10.23,2024/4/16,2024/4/16,16:42:17,16:43:42,100,3P6ENY9P8SGQIB1F5RY3IDVXEYXHIG,3P6ENY9P8SGQIB1F5RY3IDVXEYXHIG,FALSE,FALSE
20605335,20605335,Helianthus_nuttallii,Helianthus_nuttallii,8952545,8953314,315779,315779,https://crowdcurio-experiment-images.s3.amazonaws.com/Helianthus_nuttallii/images/Helianthus_nuttallii.20605335.jpg,https://crowdcurio-experiment-images.s3.amazonaws.com/Helianthus_nuttallii/images/Helianthus_nuttallii.20605335.jpg,0,0,5,5,3,3,FALSE,TRUE,3,3,4,8,A2DMORDL4NYU45,A2DMORDL4NYU45,22472,22472,36.74,21.86,2024/4/16,2024/4/16,16:45:52,16:47:26,100,3P6ENY9P8SGQIB1F5RY3IDVXEYXHIG,3P6ENY9P8SGQIB1F5RY3IDVXEYXHIG,FALSE,FALSE
19994318,19994318,Helianthus_nuttallii,Helianthus_nuttallii,8953738,8955073,315773,315773,https://crowdcurio-experiment-images.s3.amazonaws.com/Helianthus_nuttallii/images/Helianthus_nuttallii.19994318.jpg,https://crowdcurio-experiment-images.s3.amazonaws.com/Helianthus_nuttallii/images/Helianthus_nuttallii.19994318.jpg,0,0,1,1,0,0,FALSE,TRUE,4,4,2,7,A2DMORDL4NYU45,A2DMORDL4NYU45,22472,22472,7.72,6.3,2024/4/16,2024/4/16,16:48:21,16:50:54,100,3P6ENY9P8SGQIB1F5RY3IDVXEYXHIG,3P6ENY9P8SGQIB1F5RY3IDVXEYXHIG,FALSE,FALSE
19989513,19989513,Helianthus_nuttallii,Helianthus_nuttallii,8956143,8957558,315769,315769,https://crowdcurio-experiment-images.s3.amazonaws.com/Helianthus_nuttallii/images/Helianthus_nuttallii.19989513.jpg,https://crowdcurio-experiment-images.s3.amazonaws.com/Helianthus_nuttallii/images/Helianthus_nuttallii.19989513.jpg,0,0,2,1,0,0,FALSE,TRUE,5,5,1,10,A2DMORDL4NYU45,A2DMORDL4NYU45,22472,22472,25.84,8.19,2024/4/16,2024/4/16,16:53:16,16:56:21,67,3P6ENY9P8SGQIB1F5RY3IDVXEYXHIG,3P6ENY9P8SGQIB1F5RY3IDVXEYXHIG,FALSE,FALSE
16619174,16619174,Helianthus_nuttallii,Helianthus_nuttallii,8958276,8959477,315746,315746,https://crowdcurio-experiment-images.s3.amazonaws.com/Helianthus_nuttallii/images/Helianthus_nuttallii.16619174.jpg,https://crowdcurio-experiment-images.s3.amazonaws.com/Helianthus_nuttallii/images/Helianthus_nuttallii.16619174.jpg,0,0,10,10,0,0,FALSE,TRUE,6,6,3,8,A2DMORDL4NYU45,A2DMORDL4NYU45,22472,22472,35.52,17.54,2024/4/16,2024/4/16,16:57:44,16:59:50,100,3P6ENY9P8SGQIB1F5RY3IDVXEYXHIG,3P6ENY9P8SGQIB1F5RY3IDVXEYXHIG,FALSE,FALSE
13858942,13858942,Helianthus_nuttallii,Helianthus_nuttallii,8960732,8961593,315735,315735,https://crowdcurio-experiment-images.s3.amazonaws.com/Helianthus_nuttallii/images/Helianthus_nuttallii.13858942.jpg,https://crowdcurio-experiment-images.s3.amazonaws.com/Helianthus_nuttallii/images/Helianthus_nuttallii.13858942.jpg,0,0,5,5,5,5,FALSE,TRUE,7,7,4,7,A2DMORDL4NYU45,A2DMORDL4NYU45,22472,22472,36.86,25.7,2024/4/16,2024/4/16,17:02:20,17:03:43,100,3P6ENY9P8SGQIB1F5RY3IDVXEYXHIG,3P6ENY9P8SGQIB1F5RY3IDVXEYXHIG,FALSE,FALSE
13856965,13856965,Helianthus_nuttallii,Helianthus_nuttallii,8963163,8963775,315732,315732,https://crowdcurio-experiment-images.s3.amazonaws.com/Helianthus_nuttallii/images/Helianthus_nuttallii.13856965.jpg,https://crowdcurio-experiment-images.s3.amazonaws.com/Helianthus_nuttallii/images/Helianthus_nuttallii.13856965.jpg,0,0,5,5,6,6,FALSE,TRUE,8,8,1,4,A2DMORDL4NYU45,A2DMORDL4NYU45,22472,22472,46.51,18.96,2024/4/16,2024/4/16,17:06:44,17:07:52,100,3P6ENY9P8SGQIB1F5RY3IDVXEYXHIG,3P6ENY9P8SGQIB1F5RY3IDVXEYXHIG,FALSE,FALSE
8021409,8021409,Helianthus_nuttallii,Helianthus_nuttallii,8965320,8965563,315715,315715,https://crowdcurio-experiment-images.s3.amazonaws.com/Helianthus_nuttallii/images/Helianthus_nuttallii.8021409.jpg,https://crowdcurio-experiment-images.s3.amazonaws.com/Helianthus_nuttallii/images/Helianthus_nuttallii.8021409.jpg,0,0,3,3,1,1,FALSE,TRUE,9,9,6,8,A2DMORDL4NYU45,A2DMORDL4NYU45,22472,22472,10.12,12.83,2024/4/16,2024/4/16,17:11:03,17:11:43,100,3P6ENY9P8SGQIB1F5RY3IDVXEYXHIG,3P6ENY9P8SGQIB1F5RY3IDVXEYXHIG,FALSE,FALSE
13082638,13082638,Helianthus_nuttallii,Helianthus_nuttallii,8965783,8966404,315720,315720,https://crowdcurio-experiment-images.s3.amazonaws.com/Helianthus_nuttallii/images/Helianthus_nuttallii.13082638.jpg,https://crowdcurio-experiment-images.s3.amazonaws.com/Helianthus_nuttallii/images/Helianthus_nuttallii.13082638.jpg,0,0,1,1,0,0,FALSE,TRUE,1,1,7,10,A2UM9PEWDWXFC3,A2UM9PEWDWXFC3,19177,19177,10.97,21.65,2024/4/16,2024/4/16,17:12:13,17:13:20,100,3P6ENY9P8SGQIB1F5RY3IDVXEYXHIG,3P6ENY9P8SGQIB1F5RY3IDVXEYXHIG,FALSE,FALSE
4804714,4804714,Helianthus_nuttallii,Helianthus_nuttallii,8966859,8967457,315697,315697,https://crowdcurio-experiment-images.s3.amazonaws.com/Helianthus_nuttallii/images/Helianthus_nuttallii.4804714.jpg,https://crowdcurio-experiment-images.s3.amazonaws.com/Helianthus_nuttallii/images/Helianthus_nuttallii.4804714.jpg,0,0,1,2,0,0,FALSE,TRUE,2,2,3,8,A2UM9PEWDWXFC3,A2UM9PEWDWXFC3,19177,19177,8.27,10.67,2024/4/16,2024/4/16,17:14:10,17:15:26,67,3P6ENY9P8SGQIB1F5RY3IDVXEYXHIG,3P6ENY9P8SGQIB1F5RY3IDVXEYXHIG,FALSE,FALSE
6043458,6043458,Helianthus_nuttallii,Helianthus_nuttallii,8967171,8968077,315702,315702,https://crowdcurio-experiment-images.s3.amazonaws.com/Helianthus_nuttallii/images/Helianthus_nuttallii.6043458.jpg,https://crowdcurio-experiment-images.s3.amazonaws.com/Helianthus_nuttallii/images/Helianthus_nuttallii.6043458.jpg,3,3,3,4,1,1,FALSE,TRUE,10,10,4,9,A2DMORDL4NYU45,A2DMORDL4NYU45,22472,22472,50.73,37.92,2024/4/16,2024/4/16,17:14:44,17:16:45,94,3P6ENY9P8SGQIB1F5RY3IDVXEYXHIG,3P6ENY9P8SGQIB1F5RY3IDVXEYXHIG,FALSE,FALSE
3227367,3227367,Helianthus_nuttallii,Helianthus_nuttallii,8968688,8969666,315681,315681,https://crowdcurio-experiment-images.s3.amazonaws.com/Helianthus_nuttallii/images/Helianthus_nuttallii.3227367.jpg,https://crowdcurio-experiment-images.s3.amazonaws.com/Helianthus_nuttallii/images/Helianthus_nuttallii.3227367.jpg,0,0,1,1,0,0,FALSE,TRUE,11,11,3,8,A2DMORDL4NYU45,A2DMORDL4NYU45,22472,22472,7.52,10.33,2024/4/16,2024/4/16,17:18:10,17:20:12,100,3P6ENY9P8SGQIB1F5RY3IDVXEYXHIG,3P6ENY9P8SGQIB1F5RY3IDVXEYXHIG,FALSE,FALSE
3039053,3039053,Helianthus_nuttallii,Helianthus_nuttallii,8970988,8971753,315672,315672,https://crowdcurio-experiment-images.s3.amazonaws.com/Helianthus_nuttallii/images/Helianthus_nuttallii.3039053.jpg,https://crowdcurio-experiment-images.s3.amazonaws.com/Helianthus_nuttallii/images/Helianthus_nuttallii.3039053.jpg,0,0,4,4,1,1,FALSE,TRUE,12,12,1,7,A2DMORDL4NYU45,A2DMORDL4NYU45,22472,22472,23.53,13.69,2024/4/16,2024/4/16,17:22:48,17:24:16,100,3P6ENY9P8SGQIB1F5RY3IDVXEYXHIG,3P6ENY9P8SGQIB1F5RY3IDVXEYXHIG,FALSE,FALSE
16619191,16619191,Helianthus_nuttallii,Helianthus_nuttallii,8975046,8976433,315753,315753,https://crowdcurio-experiment-images.s3.amazonaws.com/Helianthus_nuttallii/images/Helianthus_nuttallii.16619191.jpg,https://crowdcurio-experiment-images.s3.amazonaws.com/Helianthus_nuttallii/images/Helianthus_nuttallii.16619191.jpg,3,5,1,2,6,4,FALSE,TRUE,1,1,2,7,A2519LCLPN7Y6I,A2519LCLPN7Y6I,12226,12226,41.17,46.34,2024/4/16,2024/4/16,17:31:23,17:33:57,77,3P6ENY9P8SGQIB1F5RY3IDVXEYXHIG,3P6ENY9P8SGQIB1F5RY3IDVXEYXHIG,FALSE,FALSE
479748,479748,Helianthus_nuttallii,Helianthus_nuttallii,8978176,8980904,315654,315654,https://crowdcurio-experiment-images.s3.amazonaws.com/Helianthus_nuttallii/images/Helianthus_nuttallii.479748.jpg,https://crowdcurio-experiment-images.s3.amazonaws.com/Helianthus_nuttallii/images/Helianthus_nuttallii.479748.jpg,0,0,2,2,0,0,FALSE,TRUE,1,1,2,8,AG5WNSPAGQRIB,AG5WNSPAGQRIB,19967,19967,34.93,37.77,2024/4/16,2024/4/16,17:37:20,17:41:58,100,3P6ENY9P8SGQIB1F5RY3IDVXEYXHIG,3P6ENY9P8SGQIB1F5RY3IDVXEYXHIG,FALSE,FALSE
16619225,16619225,Helianthus_nuttallii,Helianthus_nuttallii,8979499,8981269,315758,315758,https://crowdcurio-experiment-images.s3.amazonaws.com/Helianthus_nuttallii/images/Helianthus_nuttallii.16619225.jpg,https://crowdcurio-experiment-images.s3.amazonaws.com/Helianthus_nuttallii/images/Helianthus_nuttallii.16619225.jpg,1,1,5,4,4,4,FALSE,TRUE,1,1,2,5,A1B96CVJ6CKO2D,A1B96CVJ6CKO2D,19832,19832,55.99,57.11,2024/4/16,2024/4/16,17:39:36,17:42:34,95,3P6ENY9P8SGQIB1F5RY3IDVXEYXHIG,3P6ENY9P8SGQIB1F5RY3IDVXEYXHIG,FALSE,FALSE
29277181,29277181,Helianthus_nuttallii,Helianthus_nuttallii,8981517,8981920,315798,315798,https://crowdcurio-experiment-images.s3.amazonaws.com/Helianthus_nuttallii/images/Helianthus_nuttallii.29277181.jpg,https://crowdcurio-experiment-images.s3.amazonaws.com/Helianthus_nuttallii/images/Helianthus_nuttallii.29277181.jpg,1,1,0,0,0,0,FALSE,TRUE,1,1,7,10,A2JQ8DTY8CA85K,A2JQ8DTY8CA85K,22508,22508,7.51,6.51,2024/4/16,2024/4/16,17:42:58,17:43:38,100,3P6ENY9P8SGQIB1F5RY3IDVXEYXHIG,3P6ENY9P8SGQIB1F5RY3IDVXEYXHIG,FALSE,FALSE
24701765,24701765,Helianthus_nuttallii,Helianthus_nuttallii,8984809,8986763,315789,315789,https://crowdcurio-experiment-images.s3.amazonaws.com/Helianthus_nuttallii/images/Helianthus_nuttallii.24701765.jpg,https://crowdcurio-experiment-images.s3.amazonaws.com/Helianthus_nuttallii/images/Helianthus_nuttallii.24701765.jpg,0,0,2,2,0,0,FALSE,TRUE,2,2,2,8,AG5WNSPAGQRIB,AG5WNSPAGQRIB,19967,19967,16.14,19.21,2024/4/16,2024/4/16,17:48:45,17:52:13,100,3P6ENY9P8SGQIB1F5RY3IDVXEYXHIG,3P6ENY9P8SGQIB1F5RY3IDVXEYXHIG,FALSE,FALSE
20605334,20605334,Helianthus_nuttallii,Helianthus_nuttallii,8986244,8987252,315778,315778,https://crowdcurio-experiment-images.s3.amazonaws.com/Helianthus_nuttallii/images/Helianthus_nuttallii.20605334.jpg,https://crowdcurio-experiment-images.s3.amazonaws.com/Helianthus_nuttallii/images/Helianthus_nuttallii.20605334.jpg,0,0,0,0,4,4,FALSE,TRUE,1,1,3,9,A2JQ8DTY8CA85K,A2JQ8DTY8CA85K,22508,22508,20.39,8.99,2024/4/16,2024/4/16,17:51:15,17:53:05,100,3P6ENY9P8SGQIB1F5RY3IDVXEYXHIG,3P6ENY9P8SGQIB1F5RY3IDVXEYXHIG,FALSE,FALSE
16618722,16618722,Helianthus_nuttallii,Helianthus_nuttallii,8987105,8989296,315744,315744,https://crowdcurio-experiment-images.s3.amazonaws.com/Helianthus_nuttallii/images/Helianthus_nuttallii.16618722.jpg,https://crowdcurio-experiment-images.s3.amazonaws.com/Helianthus_nuttallii/images/Helianthus_nuttallii.16618722.jpg,0,2,2,1,7,7,FALSE,TRUE,1,1,2,8,A1HAF96CGZRPS6,A1HAF96CGZRPS6,20719,20719,44.75,28.26,2024/4/16,2024/4/16,17:52:50,17:56:19,85,3P6ENY9P8SGQIB1F5RY3IDVXEYXHIG,3P6ENY9P8SGQIB1F5RY3IDVXEYXHIG,FALSE,FALSE
13856954,13856954,Helianthus_nuttallii,Helianthus_nuttallii,8987619,8989282,315727,315727,https://crowdcurio-experiment-images.s3.amazonaws.com/Helianthus_nuttallii/images/Helianthus_nuttallii.13856954.jpg,https://crowdcurio-experiment-images.s3.amazonaws.com/Helianthus_nuttallii/images/Helianthus_nuttallii.13856954.jpg,0,0,1,1,0,0,FALSE,TRUE,2,2,1,10,A2JQ8DTY8CA85K,A2JQ8DTY8CA85K,22508,22508,8.61,11.82,2024/4/16,2024/4/16,17:53:41,17:56:18,100,3P6ENY9P8SGQIB1F5RY3IDVXEYXHIG,3P6ENY9P8SGQIB1F5RY3IDVXEYXHIG,FALSE,FALSE
19993024,19993024,Helianthus_nuttallii,Helianthus_nuttallii,8989295,8989849,315771,315771,https://crowdcurio-experiment-images.s3.amazonaws.com/Helianthus_nuttallii/images/Helianthus_nuttallii.19993024.jpg,https://crowdcurio-experiment-images.s3.amazonaws.com/Helianthus_nuttallii/images/Helianthus_nuttallii.19993024.jpg,0,0,11,11,1,1,FALSE,TRUE,1,1,1,3,A1B96CVJ6CKO2D,A1B96CVJ6CKO2D,19832,19832,40.88,33.85,2024/4/16,2024/4/16,17:56:19,17:57:17,100,3P6ENY9P8SGQIB1F5RY3IDVXEYXHIG,3P6ENY9P8SGQIB1F5RY3IDVXEYXHIG,FALSE,FALSE
16619281,16619281,Helianthus_nuttallii,Helianthus_nuttallii,8990015,8991475,315761,315761,https://crowdcurio-experiment-images.s3.amazonaws.com/Helianthus_nuttallii/images/Helianthus_nuttallii.16619281.jpg,https://crowdcurio-experiment-images.s3.amazonaws.com/Helianthus_nuttallii/images/Helianthus_nuttallii.16619281.jpg,0,0,1,1,0,0,FALSE,TRUE,1,1,5,9,A15IJ20C3R4HUO,A15IJ20C3R4HUO,5268,5268,76.97,18.18,2024/4/16,2024/4/16,17:57:37,18:00:14,100,3P6ENY9P8SGQIB1F5RY3IDVXEYXHIG,3P6ENY9P8SGQIB1F5RY3IDVXEYXHIG,FALSE,FALSE
13856944,13856944,Helianthus_nuttallii,Helianthus_nuttallii,8994040,8994311,315726,315726,https://crowdcurio-experiment-images.s3.amazonaws.com/Helianthus_nuttallii/images/Helianthus_nuttallii.13856944.jpg,https://crowdcurio-experiment-images.s3.amazonaws.com/Helianthus_nuttallii/images/Helianthus_nuttallii.13856944.jpg,0,0,4,4,2,3,FALSE,TRUE,1,1,4,6,A2JQ8DTY8CA85K,A2JQ8DTY8CA85K,22508,22508,41.85,20.77,2024/4/16,2024/4/16,18:05:24,18:05:54,93,3P6ENY9P8SGQIB1F5RY3IDVXEYXHIG,3P6ENY9P8SGQIB1F5RY3IDVXEYXHIG,FALSE,FALSE
6068319,6068319,Helianthus_nuttallii,Helianthus_nuttallii,8994762,8996443,315703,315703,https://crowdcurio-experiment-images.s3.amazonaws.com/Helianthus_nuttallii/images/Helianthus_nuttallii.6068319.jpg,https://crowdcurio-experiment-images.s3.amazonaws.com/Helianthus_nuttallii/images/Helianthus_nuttallii.6068319.jpg,1,0,2,1,1,4,FALSE,TRUE,2,2,7,10,A15IJ20C3R4HUO,A15IJ20C3R4HUO,5268,5268,54.4,61.05,2024/4/16,2024/4/16,18:06:53,18:10:09,45,3P6ENY9P8SGQIB1F5RY3IDVXEYXHIG,3P6ENY9P8SGQIB1F5RY3IDVXEYXHIG,FALSE,FALSE
4123167,4123167,Helianthus_nuttallii,Helianthus_nuttallii,8995822,8996158,315693,315693,https://crowdcurio-experiment-images.s3.amazonaws.com/Helianthus_nuttallii/images/Helianthus_nuttallii.4123167.jpg,https://crowdcurio-experiment-images.s3.amazonaws.com/Helianthus_nuttallii/images/Helianthus_nuttallii.4123167.jpg,0,0,1,1,4,4,FALSE,TRUE,2,2,7,9,A2JQ8DTY8CA85K,A2JQ8DTY8CA85K,22508,22508,13.46,15.34,2024/4/16,2024/4/16,18:08:58,18:09:39,100,3P6ENY9P8SGQIB1F5RY3IDVXEYXHIG,3P6ENY9P8SGQIB1F5RY3IDVXEYXHIG,FALSE,FALSE
3052275,3052275,Helianthus_nuttallii,Helianthus_nuttallii,8996957,8997443,315677,315677,https://crowdcurio-experiment-images.s3.amazonaws.com/Helianthus_nuttallii/images/Helianthus_nuttallii.3052275.jpg,https://crowdcurio-experiment-images.s3.amazonaws.com/Helianthus_nuttallii/images/Helianthus_nuttallii.3052275.jpg,0,0,1,1,1,1,FALSE,TRUE,3,3,2,4,A2JQ8DTY8CA85K,A2JQ8DTY8CA85K,22508,22508,12.72,14.75,2024/4/16,2024/4/16,18:10:58,18:11:44,100,3P6ENY9P8SGQIB1F5RY3IDVXEYXHIG,3P6ENY9P8SGQIB1F5RY3IDVXEYXHIG,FALSE,FALSE
3928467,3928467,Helianthus_nuttallii,Helianthus_nuttallii,8996823,8998388,315687,315687,https://crowdcurio-experiment-images.s3.amazonaws.com/Helianthus_nuttallii/images/Helianthus_nuttallii.3928467.jpg,https://crowdcurio-experiment-images.s3.amazonaws.com/Helianthus_nuttallii/images/Helianthus_nuttallii.3928467.jpg,0,0,3,3,2,2,FALSE,TRUE,1,1,2,8,ACUX98Z5OM4KC,ACUX98Z5OM4KC,22527,22527,16.07,16.14,2024/4/16,2024/4/16,18:10:44,18:13:10,100,3P6ENY9P8SGQIB1F5RY3IDVXEYXHIG,3P6ENY9P8SGQIB1F5RY3IDVXEYXHIG,FALSE,FALSE
16619225,16619225,Helianthus_nuttallii,Helianthus_nuttallii,9006478,9006791,315758,315758,https://crowdcurio-experiment-images.s3.amazonaws.com/Helianthus_nuttallii/images/Helianthus_nuttallii.16619225.jpg,https://crowdcurio-experiment-images.s3.amazonaws.com/Helianthus_nuttallii/images/Helianthus_nuttallii.16619225.jpg,0,0,4,4,5,5,FALSE,TRUE,1,1,6,8,A2RB886JO354S0,A2RB886JO354S0,20506,20506,24.66,19.04,2024/4/16,2024/4/16,18:28:42,18:29:21,100,3P6ENY9P8SGQIB1F5RY3IDVXEYXHIG,3P6ENY9P8SGQIB1F5RY3IDVXEYXHIG,FALSE,FALSE
479747,479747,Helianthus_nuttallii,Helianthus_nuttallii,9008630,9009012,315653,315653,https://crowdcurio-experiment-images.s3.amazonaws.com/Helianthus_nuttallii/images/Helianthus_nuttallii.479747.jpg,https://crowdcurio-experiment-images.s3.amazonaws.com/Helianthus_nuttallii/images/Helianthus_nuttallii.479747.jpg,0,0,3,3,0,0,FALSE,TRUE,2,2,6,8,A2RB886JO354S0,A2RB886JO354S0,20506,20506,20.68,25.05,2024/4/16,2024/4/16,18:33:19,18:34:12,100,3P6ENY9P8SGQIB1F5RY3IDVXEYXHIG,3P6ENY9P8SGQIB1F5RY3IDVXEYXHIG,FALSE,FALSE
6552778,6552778,Helianthus_nuttallii,Helianthus_nuttallii,9051016,9051744,315710,315710,https://crowdcurio-experiment-images.s3.amazonaws.com/Helianthus_nuttallii/images/Helianthus_nuttallii.6552778.jpg,https://crowdcurio-experiment-images.s3.amazonaws.com/Helianthus_nuttallii/images/Helianthus_nuttallii.6552778.jpg,0,0,2,2,0,0,FALSE,TRUE,1,1,2,6,A22MTRHIYYMK2E,A22MTRHIYYMK2E,19708,19708,15.49,19.4,2024/4/16,2024/4/16,20:08:42,20:11:42,100,3P6ENY9P8SGQIB1F5RY3IDVXEYXHIG,3P6ENY9P8SGQIB1F5RY3IDVXEYXHIG,FALSE,FALSE
479765,479765,Helianthus_nuttallii,Helianthus_nuttallii,9055198,9055777,315659,315659,https://crowdcurio-experiment-images.s3.amazonaws.com/Helianthus_nuttallii/images/Helianthus_nuttallii.479765.jpg,https://crowdcurio-experiment-images.s3.amazonaws.com/Helianthus_nuttallii/images/Helianthus_nuttallii.479765.jpg,2,2,5,4,17,8,FALSE,TRUE,1,1,1,8,A22MTRHIYYMK2E,A22MTRHIYYMK2E,19708,19708,47.08,50.33,2024/4/16,2024/4/16,20:32:53,20:34:52,74,3P6ENY9P8SGQIB1F5RY3IDVXEYXHIG,3P6ENY9P8SGQIB1F5RY3IDVXEYXHIG,FALSE,FALSE
